P31,-20,3,0.03125,0.27209,0.93567,0.3065,2.6683,9.1758,-1.8902,-1.2195,0.1829,-16.206,-19.803,-12.292,-0.404,4.290
103120,static,402,4498,15272,-47,-20,0,0.02454,0.27454,0.93213,0.2406,2.6923,9.1411,-2.8659,-1.2195,0.0000,-16.406,-19.791,-12.344,-0.406,4.293
103140,static,524,4420,15222,-53,-24,0,0.03198,0.26978,0.92908,0.3136,2.6456,9.1111,-3.2317,-1.4634,0.0000,-16.183,-19.782,-12.381,-0.411,4.293
103160,static,394,4662,15288,-68,-24,0,0.02405,0.28455,0.93311,0.2358,2.7904,9.1506,-4.1463,-1.4634,0.0000,-16.954,-19.807,-12.404,-0.412,4.291
103180,static,332,4482,15286,-83,-22,1,0.02026,0.27356,0.93298,0.1987,2.6827,9.1494,-5.0610,-1.3415,0.0610,-16.338,-19.837,-12.419,-0.413,4.289
103200,static,442,3826,15370,-78,-24,-1,0.02698,0.23352,0.93811,0.2646,2.2901,9.1997,-4.7561,-1.4634,-0.0610,-13.973,-19.813,-12.414,-0.416,4.289
103220,static,488,3744,15286,-25,-19,3,0.02979,0.22852,0.93298,0.2921,2.2410,9.1494,-1.5244,-1.1585,0.1829,-13.756,-19.722,-12.392,-0.420,4.290
103240,static,460,4680,15304,-1,-20,0,0.02808,0.28564,0.93408,0.2753,2.8012,9.1602,-0.0610,-1.2195,0.0000,-16.997,-19.668,-12.424,-0.422,4.294
103260,static,332,5312,15284,-43,-23,2,0.02026,0.32422,0.93286,0.1987,3.1795,9.1482,-2.6220,-1.4024,0.1220,-19.161,-19.709,-12.510,-0.426,4.295
103280,static,498,4720,15224,-111,-25,-1,0.03040,0.28809,0.92920,0.2981,2.8252,9.1123,-6.7683,-1.5244,-0.0610,-17.217,-19.792,-12.572,-0.432,4.297
103300,static,414,3228,15226,-100,-22,0,0.02527,0.19702,0.92932,0.2478,1.9321,9.1135,-6.0976,-1.3415,0.0000,-11.966,-19.755,-12.541,-0.430,4.294
103320,static,504,3768,15268,-21,-22,0,0.03076,0.22998,0.93188,0.3017,2.2553,9.1387,-1.2805,-1.3415,0.0000,-13.856,-19.662,-12.499,-0.432,4.291
103340,static,274,3102,15362,50,-20,1,0.01672,0.18933,0.93762,0.1640,1.8567,9.1949,3.0488,-1.2195,0.0610,-11.414,-19.438,-12.525,-0.429,4.290
103360,static,774,4074,15122,151,-19,0,0.04724,0.24866,0.92297,0.4633,2.4385,9.0513,9.2073,-1.1585,0.0000,-15.059,-19.170,-12.636,-0.437,4.291
103380,static,228,5724,15282,140,-18,-1,0.01392,0.34937,0.93274,0.1365,3.4261,9.1470,8.5366,-1.0976,-0.0610,-20.532,-19.030,-12.869,-0.439,4.292
103400,static,352,7240,15224,-19,-25,0,0.02148,0.44189,0.92920,0.2107,4.3335,9.1123,-1.1585,-1.5244,0.0000,-25.428,-19.180,-13.164,-0.452,4.291
103420,static,514,5454,15268,-180,-28,3,0.03137,0.33289,0.93188,0.3077,3.2645,9.1387,-10.9756,-1.7073,0.1829,-19.647,-19.405,-13.320,-0.453,4.288
103440,static,206,3652,15338,-203,-25,0,0.01257,0.22290,0.93616,0.1233,2.1859,9.1806,-12.3780,-1.5244,0.0000,-13.392,-19.527,-13.238,-0.445,4.286
103460,static,692,2450,15176,-89,-21,2,0.04224,0.14954,0.92627,0.4142,1.4664,9.0836,-5.4268,-1.2805,0.1220,-9.161,-19.426,-13.059,-0.451,4.284
103480,static,290,2734,15134,86,-15,5,0.01770,0.16687,0.92371,0.1736,1.6364,9.0585,5.2439,-0.9146,0.3049,-10.238,-19.140,-12.968,-0.442,4.286
103500,static,498,4292,15234,189,-12,4,0.03040,0.26196,0.92981,0.2981,2.5690,9.1183,11.5244,-0.7317,0.2439,-15.727,-18.845,-13.088,-0.456,4.293
103520,static,188,6732,15292,147,-16,7,0.01147,0.41089,0.93335,0.1125,4.0294,9.1530,8.9634,-0.9756,0.4268,-23.759,-18.768,-13.380,-0.464,4.301
103540,static,402,8416,15362,-94,-24,-1,0.02454,0.51367,0.93762,0.2406,5.0374,9.1949,-5.7317,-1.4634,-0.0610,-28.708,-19.079,-13.707,-0.479,4.311
103560,static,398,5462,15260,-340,-42,-9,0.02429,0.33337,0.93140,0.2382,3.2693,9.1339,-20.7317,-2.5610,-0.5488,-19.688,-19.498,-13.813,-0.479,4.309
103580,static,122,2224,15396,-328,-17,-5,0.00745,0.13574,0.93970,0.0730,1.3312,9.2153,-20.0000,-1.0366,-0.3049,-8.219,-19.664,-13.554,-0.461,4.303
103600,static,1010,3190,15294,-205,-23,12,0.06165,0.19470,0.93347,0.6045,1.9094,9.1542,-12.5000,-1.4024,0.7317,-11.757,-19.751,-13.207,-0.465,4.316
103620,static,1528,7604,15724,-293,18,162,0.09326,0.46411,0.95972,0.9146,4.5514,9.4116,-17.8659,1.0976,9.8780,-25.703,-20.220,-12.965,-0.455,4.350
103640,static,132,9960,15628,-174,-41,-48,0.00806,0.60791,0.95386,0.0790,5.9616,9.3541,-10.6098,-2.5000,-2.9268,-32.509,-20.674,-12.773,-0.412,4.609
103660,static,2444,7294,14430,-308,-44,13,0.14917,0.44519,0.88074,1.4629,4.3658,8.6371,-18.7805,-2.6829,0.7927,-26.491,-21.158,-12.465,-0.481,4.636
103680,static,640,4942,15528,-302,-9,30,0.03906,0.30164,0.94775,0.3831,2.9580,9.2943,-18.4146,-0.5488,1.8293,-17.640,-21.449,-12.161,-0.459,4.672
103700,static,-556,2230,15962,-355,-21,11,-0.03394,0.13611,0.97424,-0.3328,1.3348,9.5541,-21.6463,-1.2805,0.6707,-7.948,-21.603,-11.885,-0.466,4.739
103720,static,188,2542,15356,-269,-35,5,0.01147,0.15515,0.93726,0.1125,1.5215,9.1913,-16.4024,-2.1341,0.3049,-9.399,-21.681,-11.538,-0.486,4.756
103740,static,374,3436,15248,-212,-35,6,0.02283,0.20972,0.93066,0.2239,2.0566,9.1267,-12.9268,-2.1341,0.3659,-12.695,-21.754,-11.262,-0.482,4.761
103760,static,292,3170,15612,-193,-31,4,0.01782,0.19348,0.95288,0.1748,1.8974,9.3446,-11.7683,-1.8902,0.2439,-11.476,-21.779,-11.078,-0.468,4.762
103780,static,434,3092,15458,-131,-33,12,0.02649,0.18872,0.94348,0.2598,1.8507,9.2524,-7.9878,-2.0122,0.7317,-11.307,-21.726,-10.914,-0.457,4.763
103800,static,806,3938,15548,-142,-41,-29,0.04919,0.24036,0.94897,0.4824,2.3571,9.3063,-8.6585,-2.5000,-1.7683,-14.195,-21.745,-10.801,-0.443,4.768
103820,static,1394,4038,16212,-179,-40,29,0.08508,0.24646,0.98950,0.8344,2.4169,9.7037,-10.9146,-2.4390,1.7683,-13.937,-21.803,-10.703,-0.417,4.732
103840,static,1596,5132,17342,-321,-79,154,0.09741,0.31323,1.05847,0.9553,3.0718,10.3801,-19.5732,-4.8171,9.3902,-16.419,-22.079,-10.555,-0.335,4.780
103860,static,2030,4270,16830,-543,-163,364,0.12390,0.26062,1.02722,1.2151,2.5558,10.0736,-33.1098,-9.9390,22.1951,-14.138,-22.569,-10.250,-0.158,4.983
103880,static,2016,3894,15702,-625,-203,590,0.12305,0.23767,0.95837,1.2067,2.3308,9.3984,-38.1098,-12.3780,35.9756,-13.819,-23.141,-9.690,0.174,5.427
103900,static,1170,3728,16522,-595,-201,662,0.07141,0.22754,1.00842,0.7003,2.2314,9.8893,-36.2805,-12.2561,40.3659,-12.684,-23.643,-9.031,0.580,6.116
103920,static,1048,4134,16496,-638,-291,646,0.06396,0.25232,1.00684,0.6273,2.4744,9.8737,-38.9024,-17.7439,39.3902,-14.042,-24.214,-8.376,0.968,6.885
103940,static,1996,2596,15454,-624,-365,633,0.12183,0.15845,0.94324,1.1947,1.5538,9.2500,-38.0488,-22.2561,38.5976,-9.459,-24.664,-7.675,1.432,7.623
103960,static,2964,592,14190,-507,-368,629,0.18091,0.03613,0.86609,1.7741,0.3543,8.4934,-30.9146,-22.4390,38.3537,-2.339,-24.824,-6.977,1.986,8.335
103980,static,2182,648,15758,-340,-331,473,0.13318,0.03955,0.96179,1.3060,0.3879,9.4320,-20.7317,-20.1829,28.8415,-2.333,-24.780,-6.393,2.555,9.024
104000,static,2954,1520,16488,-332,-357,279,0.18030,0.09277,1.00635,1.7681,0.9098,9.8689,-20.2439,-21.7683,17.0122,-5.185,-24.785,-5.953,3.045,9.534
104020,static,3524,1612,16436,-454,-309,130,0.21509,0.09839,1.00317,2.1093,0.9649,9.8378,-27.6829,-18.8415,7.9268,-5.478,-24.942,-5.523,3.544,9.812
104040,static,2712,2270,16904,-524,-244,81,0.16553,0.13855,1.03174,1.6233,1.3587,10.1179,-31.9512,-14.8780,4.9390,-7.553,-25.220,-4.997,3.984,9.932
104060,static,2634,1298,16954,-465,-233,141,0.16077,0.07922,1.03479,1.5766,0.7769,10.1478,-28.3537,-14.2073,8.5976,-4.326,-25.358,-4.416,4.316,10.020
104080,static,2708,1648,17036,-378,-217,231,0.16528,0.10059,1.03979,1.6209,0.9864,10.1969,-23.0488,-13.2317,14.0854,-5.457,-25.412,-3.891,4.619,10.191
104100,static,3064,1926,16832,-235,-188,248,0.18701,0.11755,1.02734,1.8340,1.1528,10.0748,-14.3293,-11.4634,15.1220,-6.423,-25.313,-3.512,4.908,10.462
104120,static,708,3690,16716,-116,-177,286,0.04321,0.22522,1.02026,0.4238,2.2087,10.0054,-7.0732,-10.7927,17.4390,-12.437,-25.194,-3.300,5.163,10.751
104140,static,292,1648,15510,213,-302,522,0.01782,0.10059,0.94666,0.1748,0.9864,9.2835,12.9878,-18.4146,31.8293,-6.064,-24.557,-3.319,5.349,11.120
104160,static,262,3098,14414,498,-340,729,0.01599,0.18909,0.87976,0.1568,1.8543,8.6275,30.3659,-20.7317,44.4512,-12.128,-23.713,-3.657,5.636,11.775
104180,static,3516,2464,13364,303,-59,765,0.21460,0.15039,0.81567,2.1045,1.4748,7.9990,18.4756,-3.5976,46.6463,-10.110,-23.079,-4.285,5.969,12.669
104200,static,5182,792,14206,197,440,710,0.31628,0.04834,0.86707,3.1017,0.4741,8.5030,12.0122,26.8293,43.2927,-2.998,-22.442,-4.694,6.075,13.642
104220,static,1152,70,16656,215,642,179,0.07031,0.00427,1.01660,0.6895,0.0419,9.9695,13.1098,39.1463,10.9146,-0.240,-21.741,-4.889,5.679,14.475
104240,static,2532,7258,16340,-506,619,-128,0.15454,0.44299,0.99731,1.5155,4.3443,9.7803,-30.8537,37.7439,-7.8049,-23.699,-22.385,-5.020,4.864,14.717
104260,static,676,-2360,17768,-1091,556,-433,0.04126,-0.14404,1.08447,0.4046,-1.4126,10.6350,-66.5244,33.9024,-26.4024,7.561,-23.090,-4.566,4.084,14.575
104280,static,1062,20,15084,-868,416,-497,0.06482,0.00122,0.92065,0.6357,0.0120,9.0285,-52.9268,25.3659,-30.3049,-0.076,-23.667,-3.198,3.315,14.079
104300,static,3828,2910,14246,-784,488,-202,0.23364,0.17761,0.86951,2.2913,1.7418,8.5269,-47.8049,29.7561,-12.3171,-11.159,-24.354,-2.173,2.716,13.548
104320,static,3150,730,16424,-896,716,16,0.19226,0.04456,1.00244,1.8854,0.4369,9.8306,-54.6342,43.6585,0.9756,-2.499,-24.987,-1.354,2.169,13.363
104340,static,2840,222,17714,-1112,828,-98,0.17334,0.01355,1.08118,1.6999,0.1329,10.6027,-67.8049,50.4878,-5.9756,-0.709,-25.831,-0.325,1.373,13.373
104360,static,2672,96,16710,-1271,962,-142,0.16309,0.00586,1.01990,1.5993,0.0575,10.0018,-77.5000,58.6585,-8.6585,-0.325,-26.840,0.985,0.418,13.236
104380,static,908,42,14636,-1218,1058,-153,0.05542,0.00256,0.89331,0.5435,0.0251,8.7604,-74.2683,64.5122,-9.3293,-0.164,-27.762,2.447,-0.675,13.026
104400,static,-1708,1924,15902,-1223,948,-119,-0.10425,0.11743,0.97058,-1.0223,1.1516,9.5181,-74.5732,57.8049,-7.2561,-6.860,-28.805,3.831,-1.927,12.766
104420,static,-1206,1958,16812,-1393,728,-177,-0.07361,0.11951,1.02612,-0.7219,1.1720,10.0628,-84.9390,44.3902,-10.7927,-6.626,-30.027,5.154,-3.123,12.530
104440,static,-1108,1552,16220,-1601,572,-389,-0.06763,0.09473,0.98999,-0.6632,0.9290,9.7085,-97.6220,34.8780,-23.7195,-5.453,-31.448,6.672,-4.047,12.198
104460,static,-2764,10864,14634,-2439,542,-829,-0.16870,0.66309,0.89319,-1.6544,6.5027,8.7592,-148.7195,33.0488,-50.5488,-36.110,-34.457,8.481,-4.712,11.578
104480,static,-2034,6552,12878,-3921,140,-867,-0.12415,0.39990,0.78601,-1.2175,3.9217,7.7081,-239.0854,8.5366,-52.8659,-26.682,-38.987,11.184,-5.221,10.528
104500,static,-932,2706,9528,-4838,-71,-768,-0.05688,0.16516,0.58154,-0.5578,1.6197,5.7030,-295.0000,-4.3293,-46.8293,-15.783,-44.305,15.609,-5.246,9.510
104520,static,-1212,-2374,7516,-5238,-123,-399,-0.07397,-0.14490,0.45874,-0.7254,-1.4210,4.4987,-319.3903,-7.5000,-24.3293,17.319,-49.333,21.309,-4.964,8.721
104540,static,-2040,-7588,8716,-5159,-288,-252,-0.12451,-0.46313,0.53198,-1.2210,-4.5418,5.2170,-314.5732,-17.5610,-15.3659,40.287,-53.706,27.589,-4.690,8.361
104560,static,-2266,-12900,8944,-4594,-524,-211,-0.13831,-0.78735,0.54590,-1.3563,-7.7213,5.3534,-280.1220,-31.9512,-12.8659,54.426,-57.034,33.839,-4.318,8.284
104580,static,-1322,-16360,8192,-3724,-607,-422,-0.08069,-0.99854,0.50000,-0.7913,-9.7923,4.9033,-227.0732,-37.0122,-25.7317,63.105,-59.082,39.478,-3.730,8.410
104600,static,-340,-18294,7678,-2638,-498,-611,-0.02075,-1.11658,0.46863,-0.2035,-10.9499,4.5957,-160.8537,-30.3659,-37.2561,67.212,-59.708,44.128,-2.897,8.447
104620,static,-78,-16664,8546,-1588,-301,-614,-0.00476,-1.01709,0.52161,-0.0467,-9.9742,5.1152,-96.8293,-18.3537,-37.4390,62.848,-59.155,47.484,-1.991,8.300
104640,static,-242,-13722,9058,-1044,-77,-573,-0.01477,-0.83752,0.55286,-0.1448,-8.2133,5.4217,-63.6585,-4.6951,-34.9390,56.561,-58.088,49.517,-1.245,8.032
104660,static,-180,-13140,9444,-1097,120,-755,-0.01099,-0.80200,0.57642,-0.1077,-7.8650,5.6527,-66.8902,7.3171,-46.0366,54.289,-57.152,50.840,-0.684,7.585
104680,static,-536,-15684,10612,-1136,149,-823,-0.03271,-0.95728,0.64771,-0.3208,-9.3877,6.3518,-69.2683,9.0854,-50.1829,55.883,-56.249,52.163,-0.098,6.854
104700,static,-174,-19328,10348,-710,11,-574,-0.01062,-1.17969,0.63159,-0.1041,-11.5688,6.1938,-43.2927,0.6707,-35.0000,61.833,-54.736,53.460,0.505,6.116
104720,static,1242,-25716,8378,438,61,-248,0.07581,-1.56958,0.51135,0.7434,-15.3923,5.0147,26.7073,3.7195,-15.1220,71.771,-51.682,54.220,0.939,5.706
104740,static,1150,-27874,5916,2315,305,-319,0.07019,-1.70129,0.36108,0.6883,-16.6840,3.5410,141.1585,18.5976,-19.4512,77.800,-46.326,53.709,1.113,5.419
104760,static,60,-22278,5352,4420,601,-367,0.00366,-1.35974,0.32666,0.0359,-13.3345,3.2034,269.5122,36.6463,-22.3781,76.491,-38.587,51.068,1.143,4.828
104780,static,-2052,-14020,7010,5646,732,-590,-0.12524,-0.85571,0.42786,-1.2282,-8.3917,4.1958,344.2683,44.6341,-35.9756,62.481,-29.818,45.952,0.931,3.938
104800,static,-2142,-8322,9590,5739,699,-1012,-0.13074,-0.50793,0.58533,-1.2821,-4.9811,5.7401,349.9390,42.6220,-61.7073,40.262,-21.558,39.268,0.655,2.740
104820,static,-232,-7584,10316,5447,683,-1324,-0.01416,-0.46289,0.62964,-0.1389,-4.5394,6.1746,332.1342,41.6463,-80.7317,36.315,-13.890,32.319,0.548,1.174
104840,static,658,-5516,12030,5395,743,-1009,0.04016,-0.33667,0.73425,0.3938,-3.3016,7.2006,328.9634,45.3049,-61.5244,24.600,-6.673,25.669,0.474,-0.624
104860,static,2106,-3552,12574,5338,850,-649,0.12854,-0.21680,0.76746,1.2605,-2.1261,7.5262,325.4878,51.8293,-39.5732,15.568,0.151,19.054,0.045,-2.059
104880,static,1168,-416,12512,5066,1007,-603,0.07129,-0.02539,0.76367,0.6991,-0.2490,7.4891,308.9024,61.4024,-36.7683,1.896,6.241,12.531,-0.705,-3.104
104900,static,-1098,844,14144,4649,900,-734,-0.06702,0.05151,0.86328,-0.6572,0.5052,8.4659,283.4756,54.8781,-44.7561,-3.405,11.604,6.322,-1.753,-4.064
104920,static,-868,2316,14076,4267,648,-661,-0.05298,0.14136,0.85913,-0.5195,1.3862,8.4252,260.1829,39.5122,-40.3049,-9.326,16.285,0.605,-2.829,-5.010
104940,static,-86,2362,12710,3940,506,-547,-0.00525,0.14417,0.77576,-0.0515,1.4138,7.6076,240.2439,30.8537,-33.3537,-10.527,20.458,-4.646,-3.677,-5.773
104960,static,-316,1378,12026,3927,500,-442,-0.01929,0.08411,0.73401,-0.1891,0.8248,7.1982,239.4512,30.4878,-26.9512,-6.534,24.611,-9.501,-4.385,-6.343
104980,static,-730,7914,11184,4065,532,-154,-0.04456,0.48303,0.68262,-0.4369,4.7369,6.6942,247.8659,32.4390,-9.3902,-35.227,28.272,-14.309,-5.106,-6.709
105000,static,-1230,13090,12522,3364,598,76,-0.07507,0.79895,0.76428,-0.7362,7.8350,7.4950,205.1220,36.4634,4.6341,-46.133,30.805,-19.405,-5.815,-6.636
105020,static,136,16136,14658,2271,466,311,0.00830,0.98486,0.89465,0.0814,9.6582,8.7736,138.4756,28.4146,18.9634,-47.747,31.948,-23.808,-6.458,-6.216
105040,static,1534,17318,14228,927,413,671,0.09363,1.05701,0.86841,0.9182,10.3657,8.5162,56.5244,25.1829,40.9146,-50.432,31.408,-26.900,-6.703,-5.513
105060,static,556,16346,13604,-478,563,658,0.03394,0.99768,0.83032,0.3328,9.7839,8.1427,-29.1463,34.3293,40.1220,-50.207,29.204,-28.426,-6.650,-4.468
105080,static,346,13310,12224,-1492,690,485,0.02112,0.81238,0.74609,0.2071,7.9667,7.3167,-90.9756,42.0732,29.5732,-47.424,25.889,-28.249,-6.799,-3.398
105100,static,-840,14190,11472,-1995,704,949,-0.05127,0.86609,0.70020,-0.5028,8.4934,6.8666,-121.6464,42.9268,57.8659,-50.971,21.967,-26.845,-7.170,-2.367
105120,static,-3398,14044,11934,-2586,644,1323,-0.20740,0.85718,0.72839,-2.0339,8.4060,7.1431,-157.6829,39.2683,80.6707,-48.538,17.467,-24.957,-7.386,-0.810
105140,static,-4564,11240,11224,-3145,428,1128,-0.27856,0.68604,0.68506,-2.7318,6.7277,6.7181,-191.7683,26.0976,68.7805,-42.851,12.502,-22.399,-7.540,1.017
105160,static,-4408,11738,11544,-3281,187,1092,-0.26904,0.71643,0.70459,-2.6384,7.0258,6.9097,-200.0610,11.4024,66.5854,-43.528,7.460,-19.131,-7.704,2.526
105180,static,-4552,17174,11858,-3810,24,1342,-0.27783,1.04822,0.72375,-2.7246,10.2795,7.0976,-232.3171,1.4634,81.8293,-53.514,1.687,-15.688,-7.674,3.964
105200,static,-5716,17740,11214,-5088,-128,1608,-0.34888,1.08276,0.68445,-3.4213,10.6183,6.7121,-310.2439,-7.8049,98.0488,-54.644,-5.520,-11.792,-7.471,5.703
105220,static,-6250,13636,9284,-6454,-414,1807,-0.38147,0.83228,0.56665,-3.7409,8.1618,5.5569,-393.5366,-25.2439,110.1829,-50.623,-14.136,-6.487,-7.208,7.763
105240,static,-6264,8302,8482,-7469,-808,1853,-0.38232,0.50671,0.51770,-3.7493,4.9692,5.0769,-455.4269,-49.2683,112.9878,-38.215,-23.544,0.531,-6.838,10.037
105260,static,-6366,3132,5650,-7934,-1127,1904,-0.38855,0.19116,0.34485,-3.8104,1.8747,3.3818,-483.7805,-68.7195,116.0976,-20.202,-32.959,8.895,-6.320,12.455
105280,static,-4158,-1920,3100,-8017,-1185,2016,-0.25378,-0.11719,0.18921,-2.4888,-1.1492,1.8555,-488.8415,-72.2561,122.9268,20.314,-41.475,17.998,-5.851,15.093
105300,static,-1356,-15846,5094,-7241,-996,1781,-0.08276,-0.96716,0.31091,-0.8116,-9.4846,3.0490,-441.5244,-60.7317,108.5976,71.600,-47.867,27.382,-5.758,17.862
105320,static,-3738,-21184,6544,-6020,-560,948,-0.22815,-1.29297,0.39941,-2.2374,-12.6797,3.9169,-367.0732,-34.1463,57.8049,70.417,-52.696,36.166,-6.026,20.167
105340,static,-2590,-27962,5350,-4039,-338,73,-0.15808,-1.70667,0.32654,-1.5502,-16.7367,3.2022,-246.2805,-20.6098,4.4512,77.999,-54.909,43.636,-6.213,21.283
105360,static,-2278,-24920,5520,-1718,-258,-80,-0.13904,-1.52100,0.33691,-1.3635,-14.9159,3.3040,-104.7561,-15.7317,-4.8780,76.524,-54.334,48.859,-5.987,21.509
105380,static,-2640,-19320,6670,-388,-370,-68,-0.16113,-1.17920,0.40710,-1.5802,-11.5640,3.9923,-23.6585,-22.5610,-4.1463,69.630,-52.318,51.277,-5.742,21.612
105400,static,-2944,-18050,7836,48,-580,-172,-0.17969,-1.10168,0.47827,-1.7621,-10.8038,4.6902,2.9268,-35.3659,-10.4878,65.120,-49.912,51.965,-5.440,21.870
105420,static,-1698,-19294,6912,364,-780,-242,-0.10364,-1.17761,0.42188,-1.0163,-11.5484,4.1372,22.1951,-47.5610,-14.7561,69.751,-47.084,52.011,-4.903,22.274
105440,static,-410,-22468,7964,1040,-810,-412,-0.02502,-1.37134,0.48608,-0.2454,-13.4482,4.7669,63.4146,-49.3902,-25.1220,70.459,-43.490,51.680,-4.118,22.782
105460,static,1122,-24026,6800,2158,-570,-635,0.06848,-1.46643,0.41504,0.6716,-14.3808,4.0701,131.5854,-34.7561,-38.7195,73.994,-38.561,50.559,-3.105,23.137
105480,static,1990,-22434,5412,3492,-167,-662,0.12146,-1.36926,0.33032,1.1911,-13.4279,3.2394,212.9268,-10.1829,-40.3659,75.585,-32.105,48.185,-2.039,23.066
105500,static,-162,-16692,7020,4612,103,-549,-0.00989,-1.01880,0.42847,-0.0970,-9.9910,4.2018,281.2195,6.2805,-33.4756,67.185,-24.607,44.253,-1.275,22.591
105520,static,-1760,-13068,9850,4952,46,-538,-0.10742,-0.79761,0.60120,-1.0534,-7.8219,5.8957,301.9512,2.8049,-32.8049,52.559,-17.146,38.931,-0.953,21.982
105540,static,-670,-11630,10966,4847,-177,-688,-0.04089,-0.70984,0.66931,-0.4010,-6.9611,6.5637,295.5488,-10.7927,-41.9512,46.630,-10.078,33.125,-0.693,21.395
105560,static,1944,-11292,10690,4966,-217,-557,0.11865,-0.68921,0.65247,1.1636,-6.7588,6.3985,302.8049,-13.2317,-33.9634,46.103,-3.019,27.400,-0.167,20.781
105580,static,3642,-6138,9302,5345,19,-29,0.22229,-0.37463,0.56775,2.1799,-3.6739,5.5677,325.9147,1.1585,-1.7683,31.568,4.061,21.507,0.329,20.321
105600,static,2180,214,9778,5322,287,514,0.13306,0.01306,0.59680,1.3048,0.1281,5.8526,324.5122,17.5000,31.3415,-1.224,10.315,15.088,0.375,20.348
105620,static,958,6016,13676,4711,388,567,0.05847,0.36719,0.83472,0.5734,3.6009,8.1858,287.2561,23.6585,34.5732,-23.693,15.266,8.552,-0.038,20.896
105640,static,1350,8228,14988,3545,468,147,0.08240,0.50220,0.91479,0.8080,4.9249,8.9711,216.1586,28.5366,8.9634,-28.668,18.624,2.614,-0.584,21.472
105660,static,374,6368,13472,2774,471,-24,0.02283,0.38867,0.82227,0.2239,3.8116,8.0637,169.1464,28.7195,-1.4634,-25.291,21.061,-2.068,-1.147,21.613
105680,static,-1378,7992,14386,2403,248,288,-0.08411,0.48779,0.87805,-0.8248,4.7836,8.6107,146.5244,15.1220,17.5610,-28.943,22.932,-5.756,-1.696,21.672
105700,static,-734,13004,15610,1773,32,852,-0.04480,0.79370,0.95276,-0.4393,7.7836,9.3434,108.1098,1.9512,51.9512,-39.765,23.797,-8.980,-1.997,22.148
105720,static,522,15524,15808,746,-27,1371,0.03186,0.94751,0.96484,0.3124,9.2919,9.4619,45.4878,-1.6463,83.5976,-44.465,23.324,-11.575,-1.888,23.285
105740,static,-1480,13294,16748,-283,-31,1428,-0.09033,0.81140,1.02222,-0.8859,7.9571,10.0245,-17.2561,-1.8902,87.0732,-38.333,21.752,-13.009,-1.505,24.961
105760,static,-2634,13158,17226,-1030,-197,932,-0.16077,0.80310,1.05139,-1.5766,7.8757,10.3106,-62.8049,-12.0122,56.8293,-37.055,19.345,-13.142,-1.159,26.587
105780,static,-1736,15074,16092,-1804,-457,521,-0.10596,0.92004,0.98218,-1.0391,9.0225,9.6319,-110.0000,-27.8659,31.7683,-42.964,15.943,-12.297,-0.829,27.571
105800,static,-792,18388,16188,-2685,-717,671,-0.04834,1.12231,0.98804,-0.4741,11.0061,9.6893,-163.7195,-43.7195,40.9146,-48.607,11.443,-10.591,-0.250,28.104
105820,static,-588,26542,17900,-4270,-840,1134,-0.03589,1.62000,1.09253,-0.3519,15.8867,10.7141,-260.3659,-51.2195,69.1463,-55.990,4.991,-7.942,0.668,28.834
105840,static,2404,18060,10664,-6349,-967,1761,0.14673,1.10229,0.65088,1.4389,10.8098,6.3829,-387.1342,-58.9634,107.3781,-58.814,-3.873,-3.630,1.756,30.173
105860,static,1504,2670,5722,-7366,-880,2762,0.09180,0.16296,0.34924,0.9002,1.5981,3.4249,-449.1464,-53.6585,168.4146,-24.289,-13.084,3.350,2.933,32.433
105880,static,-1774,-7708,3408,-7099,-871,3430,-0.10828,-0.47046,0.20801,-1.0618,-4.6136,2.0399,-432.8659,-53.1098,209.1464,63.506,-20.037,12.219,3.537,36.018
105900,static,78,-5800,2694,-6531,-698,3440,0.00476,-0.35400,0.16443,0.0467,-3.4716,1.6125,-398.2317,-42.5610,209.7561,65.077,-26.140,21.248,3.180,40.349
105920,static,-1554,-3942,1124,-6921,-208,2947,-0.09485,-0.24060,0.06860,-0.9301,-2.3595,0.6728,-422.0122,-12.6829,179.6951,64.056,-32.607,29.630,2.024,44.406
105940,static,-1422,-13634,-1594,-7629,252,2327,-0.08679,-0.83215,-0.09729,-0.8511,-8.1606,-0.9541,-465.1830,15.3659,141.8902,81.096,-39.451,38.361,0.132,47.395
105960,static,-628,-25056,-1814,-7061,659,1996,-0.03833,-1.52930,-0.11072,-0.3759,-14.9973,-1.0858,-430.5488,40.1829,121.7073,85.619,-45.388,48.044,-2.143,49.140
105980,static,-48,-27428,1174,-4971,901,2102,-0.00293,-1.67407,0.07166,-0.0287,-16.4170,0.7027,-303.1098,54.9390,128.1707,87.547,-48.670,57.061,-4.630,49.878
106000,static,792,-28630,1426,-2938,1062,2354,0.04834,-1.74744,0.08704,0.4741,-17.1365,0.8535,-179.1464,64.7561,143.5366,86.739,-49.473,63.443,-7.370,50.098
106020,static,-1832,-26520,2712,-1564,1161,2045,-0.11182,-1.61865,0.16553,-1.0965,-15.8736,1.6233,-95.3659,70.7927,124.6951,82.965,-48.694,67.319,-10.285,49.965
106040,static,-4868,-24868,3874,-773,1073,1226,-0.29712,-1.51782,0.23645,-2.9137,-14.8848,2.3188,-47.1341,65.4268,74.7561,75.954,-47.125,69.513,-12.852,49.413
106060,static,-6794,-23342,4398,-54,716,255,-0.41467,-1.42468,0.26843,-4.0666,-13.9714,2.6324,-3.2927,43.6585,15.5488,70.877,-44.829,70.705,-14.491,48.574
106080,static,-6518,-21274,5166,664,181,-388,-0.39783,-1.29846,0.31531,-3.9014,-12.7336,3.0921,40.4878,11.0366,-23.6585,68.647,-41.766,70.949,-14.983,47.796
106100,static,-4746,-20396,5868,1332,-131,-693,-0.28967,-1.24487,0.35815,-2.8407,-12.2080,3.5123,81.2195,-7.9878,-42.2561,69.694,-37.945,70.157,-14.611,47.398
106120,static,-2448,-20716,6536,2063,-87,-899,-0.14941,-1.26440,0.39893,-1.4653,-12.3996,3.9121,125.7927,-5.3049,-54.8171,71.381,-33.293,68.454,-13.735,47.184
106140,static,-1830,-23470,5486,3025,242,-1199,-0.11169,-1.43250,0.33484,-1.0953,-14.0480,3.2836,184.4512,14.7561,-73.1098,76.158,-27.489,65.903,-12.574,46.734
106160,static,-2752,-24018,2476,4409,624,-1678,-0.16797,-1.46594,0.15112,-1.6472,-14.3760,1.4820,268.8415,38.0488,-102.3171,81.238,-20.045,62.383,-11.220,45.641
106180,static,-3028,-22390,-194,6101,893,-2155,-0.18481,-1.36658,-0.01184,-1.8124,-13.4015,-0.1161,372.0122,54.4512,-131.4024,82.283,-10.707,57.486,-9.732,43.725
106200,static,-4810,-16488,-2124,7720,921,-2413,-0.29358,-1.00635,-0.12964,-2.8790,-9.8689,-1.2713,470.7317,56.1585,-147.1342,72.312,0.180,50.767,-8.255,41.101
106220,static,-6830,-8428,-2312,8648,545,-2348,-0.41687,-0.51440,-0.14111,-4.0881,-5.0446,-1.3838,527.3171,33.2317,-143.1707,49.451,11.501,42.177,-7.054,38.159
106240,static,-6072,-1268,1182,8593,-62,-1937,-0.37061,-0.07739,0.07214,-3.6344,-0.7590,0.7075,523.9635,-3.7805,-118.1098,11.584,21.772,32.299,-6.163,35.496
106260,static,-1448,4644,5680,7215,-445,-1488,-0.08838,0.28345,0.34668,-0.8667,2.7797,3.3998,439.9391,-27.1341,-90.7317,-38.389,29.192,22.233,-5.338,33.492
106280,static,830,5468,9812,5694,-391,-1136,0.05066,0.33374,0.59888,0.4968,3.2729,5.8730,347.1951,-23.8415,-69.2683,-29.043,34.832,13.467,-4.442,31.999
106300,static,-2436,7458,15008,4620,-330,-1427,-0.14868,0.45520,0.91602,-1.4581,4.4640,8.9830,281.7073,-20.1220,-87.0122,-26.129,39.134,6.348,-3.748,30.712
106320,static,-2106,8114,13546,3994,-675,-2159,-0.12854,0.49524,0.82678,-1.2605,4.8566,8.1080,243.5366,-41.1585,-131.6464,-30.621,42.512,0.478,-3.309,28.874
106340,static,-890,14276,13518,3481,-1117,-2278,-0.05432,0.87134,0.82507,-0.5327,8.5449,8.0912,212.2561,-68.1098,-138.9024,-46.500,44.892,-4.666,-2.646,26.203
106360,static,-1378,17168,15176,2235,-1442,-2054,-0.08411,1.04785,0.92627,-0.8248,10.2759,9.0836,136.2805,-87.9268,-125.2439,-48.408,45.697,-9.268,-1.672,23.308
106380,static,-1986,17912,14610,1133,-1894,-1164,-0.12122,1.09326,0.89172,-1.1887,10.7212,8.7448,69.0854,-115.4878,-70.9756,-50.540,45.127,-12.538,-0.426,20.645
106400,static,-2482,18314,14370,104,-2234,-286,-0.15149,1.11780,0.87708,-1.4856,10.9619,8.6012,6.3415,-136.2195,-17.4390,-51.471,43.319,-14.564,1.416,18.854
106420,static,-2690,17202,14738,-1095,-2537,162,-0.16418,1.04993,0.89954,-1.6101,10.2963,8.8214,-66.7683,-154.6951,9.8780,-48.947,40.165,-15.332,3.794,17.843
106440,static,-548,11758,13188,-2116,-2813,476,-0.03345,0.71765,0.80493,-0.3280,7.0378,7.8937,-129.0244,-171.5244,29.0244,-41.695,35.999,-14.585,6.611,17.214
106460,static,840,9300,11850,-2690,-2836,825,0.05127,0.56763,0.72327,0.5028,5.5665,7.0928,-164.0244,-172.9268,50.3049,-38.055,31.303,-12.451,9.887,16.968
106480,static,2004,3928,12164,-2976,-2722,1189,0.12231,0.23975,0.74243,1.1995,2.3511,7.2808,-181.4634,-165.9756,72.5000,-17.673,26.767,-9.435,13.299,17.300
106500,static,5704,-554,10462,-2705,-2707,1663,0.34814,-0.03381,0.63855,3.4141,-0.3316,6.2620,-164.9390,-165.0610,101.4024,2.662,23.052,-5.740,16.660,18.395
106520,static,5276,-646,11140,-2498,-2511,1737,0.32202,-0.03943,0.67993,3.1580,-0.3867,6.6679,-152.3171,-153.1098,105.9146,3.000,19.666,-1.853,20.077,20.361
106540,static,4876,-3722,13442,-2398,-2394,1375,0.29761,-0.22717,0.82043,2.9185,-2.2278,8.0457,-146.2195,-145.9756,83.8415,14.590,16.698,2.009,23.117,22.607
106560,static,8982,-7326,11306,-1875,-2330,1060,0.54822,-0.44714,0.69006,5.3762,-4.3850,6.7672,-114.3293,-142.0732,64.6342,26.901,14.661,5.786,25.803,24.686
106580,static,11028,-5106,12412,-1458,-1957,781,0.67310,-0.31165,0.75757,6.6008,-3.0562,7.4292,-88.9024,-119.3293,47.6220,17.094,12.968,9.098,28.430,26.648
106600,static,13102,-6092,14664,-1348,-1518,577,0.79968,-0.37183,0.89502,7.8422,-3.6464,8.7771,-82.1951,-92.5610,35.1829,17.213,11.441,11.773,30.636,28.281
106620,static,17586,-11008,12090,-956,-898,590,1.07336,-0.67188,0.73792,10.5261,-6.5888,7.2365,-58.2927,-54.7561,35.9756,27.285,10.616,14.151,32.292,29.650
106640,static,19280,-11106,9392,7,235,630,1.17676,-0.67786,0.57324,11.5401,-6.6475,5.6216,0.4268,14.3293,38.4146,27.378,10.959,16.135,33.252,31.006
106660,static,17140,-6594,10768,573,1493,702,1.04614,-0.40247,0.65723,10.2592,-3.9468,6.4452,34.9390,91.0366,42.8049,18.044,11.786,16.886,32.972,32.025
106680,static,14366,-1070,14584,504,2419,698,0.87683,-0.06531,0.89014,8.5988,-0.6404,8.7293,30.7317,147.5000,42.5610,2.992,12.212,16.519,31.205,32.455
106700,static,14042,202,14264,32,3118,836,0.85706,0.01233,0.87061,8.4048,0.1209,8.5377,1.9512,190.1220,50.9756,-0.578,11.995,15.792,28.255,32.383
106720,static,13980,-3332,10642,-80,3859,1223,0.85327,-0.20337,0.64954,8.3677,-1.9944,6.3698,-4.8780,235.3049,74.5732,10.738,11.874,15.488,24.452,32.262
106740,static,12440,-2296,9122,255,4645,1742,0.75928,-0.14014,0.55676,7.4460,-1.3743,5.4600,15.5488,283.2317,106.2195,8.466,12.111,15.536,19.755,32.500
106760,static,8872,1212,9404,115,5354,2089,0.54150,0.07397,0.57397,5.3103,0.7254,5.6288,7.0122,326.4634,127.3781,-5.356,11.899,15.353,14.017,33.097
106780,static,4624,432,9626,-303,5934,2121,0.28223,0.02637,0.58752,2.7677,0.2586,5.7616,-18.4756,361.8293,129.3293,-2.317,11.252,15.193,7.269,33.799
106800,static,1956,-1058,8650,-481,6339,1994,0.11938,-0.06458,0.52795,1.1708,-0.6333,5.1775,-29.3293,386.5244,121.5854,6.803,10.588,15.419,-0.280,34.338
106820,static,-3284,-3574,8046,-466,6552,1691,-0.20044,-0.21814,0.49109,-1.9656,-2.1392,4.8159,-28.4146,399.5122,103.1098,22.355,10.267,15.861,-8.326,34.537
106840,static,-8208,-2110,7838,-386,6381,1194,-0.50098,-0.12878,0.47839,-4.9129,-1.2629,4.6914,-23.5366,389.0854,72.8049,10.532,9.811,16.450,-16.630,34.190
106860,static,-7038,-1710,5258,-491,6002,820,-0.42957,-0.10437,0.32092,-4.2126,-1.0235,3.1472,-29.9390,365.9756,50.0000,11.015,9.248,17.241,-24.695,33.212
106880,static,-13098,-1884,6312,-697,5732,394,-0.79944,-0.11499,0.38525,-7.8398,-1.1277,3.7781,-42.5000,349.5122,24.0244,7.383,8.378,18.564,-32.206,31.645
106900,static,-18346,-1894,7716,-784,5079,285,-1.11975,-0.11560,0.47095,-10.9810,-1.1337,4.6184,-47.8049,309.6951,17.3781,5.436,7.382,20.740,-39.223,29.286
106920,static,-19340,-3838,8834,-791,4101,477,-1.18042,-0.23425,0.53918,-11.5760,-2.2972,5.2876,-48.2317,250.0610,29.0854,10.232,6.494,23.327,-45.423,26.708
106940,static,-18802,-7386,7900,-574,3025,521,-1.14758,-0.45081,0.48218,-11.2539,-4.4209,4.7285,-35.0000,184.4512,31.7683,19.908,6.076,25.846,-50.414,24.475
106960,static,-22610,-9782,9208,95,1872,315,-1.38000,-0.59705,0.56201,-13.5332,-5.8550,5.5115,5.7927,114.1464,19.2073,21.835,6.505,27.997,-54.034,22.529
106980,static,-24798,-7942,9700,729,338,-63,-1.51355,-0.48474,0.59204,-14.8429,-4.7537,5.8059,44.4512,20.6098,-3.8415,16.608,7.578,29.164,-56.117,20.914
107000,static,-22492,-6212,8168,1139,-1133,-381,-1.37280,-0.37915,0.49854,-13.4626,-3.7182,4.8890,69.4512,-69.0854,-23.2317,14.553,9.079,28.712,-56.390,20.308
107020,static,-20752,-3718,7698,1410,-2311,-615,-1.26660,-0.22693,0.46985,-12.4211,-2.2254,4.6076,85.9756,-140.9146,-37.5000,9.535,10.773,26.995,-55.004,20.619
107040,static,-19256,-906,7870,1463,-3327,-736,-1.17529,-0.05530,0.48035,-11.5257,-0.5423,4.7106,89.2073,-202.8659,-44.8780,2.494,12.356,24.452,-52.269,21.545
107060,static,-16174,86,6310,1320,-4088,-681,-0.98718,0.00525,0.38513,-9.6810,0.0515,3.7769,80.4878,-249.2683,-41.5244,-0.284,13.681,21.523,-48.406,22.887
107080,static,-14242,-2268,6012,1260,-4501,-530,-0.86926,-0.13843,0.36694,-8.5246,-1.3575,3.5985,76.8293,-274.4512,-32.3171,8.346,15.080,18.717,-43.767,24.371
107100,static,-11046,-4438,7494,1436,-4789,-274,-0.67419,-0.27087,0.45740,-6.6116,-2.6564,4.4855,87.5610,-292.0122,-16.7073,18.391,16.862,16.179,-38.661,25.763
107120,static,-6530,-4748,7850,1775,-4838,94,-0.39856,-0.28979,0.47913,-3.9085,-2.8419,4.6986,108.2317,-295.0000,5.7317,24.938,19.145,13.576,-33.188,27.173
107140,static,-4738,-2208,10208,2079,-4745,304,-0.28918,-0.13477,0.62305,-2.8359,-1.3216,6.1100,126.7683,-289.3293,18.5366,11.100,21.469,10.685,-27.583,28.662
107160,static,-2632,998,12800,1791,-4596,259,-0.16064,0.06091,0.78125,-1.5754,0.5974,7.6614,109.2073,-280.2439,15.7927,-4.367,23.093,7.629,-21.993,30.011
107180,static,-22,4406,14374,1294,-4405,173,-0.00134,0.26892,0.87732,-0.0132,2.6372,8.6036,78.9024,-268.5976,10.5488,-17.042,23.836,4.997,-16.442,31.004
107200,static,3012,6894,14452,567,-4013,84,0.18384,0.42078,0.88208,1.8028,4.1264,8.6503,34.5732,-244.6951,5.1220,-25.032,23.537,3.076,-11.034,31.637
107220,static,4676,9056,14708,-236,-3417,119,0.28540,0.55273,0.89771,2.7988,5.4205,8.8035,-14.3902,-208.3537,7.2561,-30.404,22.176,2.026,-6.034,32.008
107240,static,3842,9902,16120,-1195,-2832,257,0.23450,0.60437,0.98389,2.2996,5.9268,9.6486,-72.8659,-172.6829,15.6707,-30.860,19.687,1.909,-1.732,32.336
107260,static,2408,9320,16760,-2161,-2491,561,0.14697,0.56885,1.02295,1.4413,5.5785,10.0317,-131.7683,-151.8902,34.2073,-28.830,16.134,2.915,1.807,32.828
107280,static,3118,9426,15138,-3141,-2276,1064,0.19031,0.57532,0.92395,1.8663,5.6419,9.0609,-191.5244,-138.7805,64.8781,-31.378,11.430,5.167,4.797,33.767
107300,static,5066,7256,12960,-4346,-1841,1674,0.30920,0.44287,0.79102,3.0323,4.3431,7.7572,-265.0000,-112.2561,102.0732,-27.540,5.456,8.744,7.344,35.423
107320,static,5548,-1180,10684,-5317,-1323,2344,0.33862,-0.07202,0.65210,3.3208,-0.7063,6.3949,-324.2073,-80.6707,142.9268,5.598,-0.895,14.002,9.159,37.890
107340,static,3604,-5608,8696,-5469,-930,3154,0.21997,-0.34229,0.53076,2.1572,-3.3567,5.2050,-333.4756,-56.7073,192.3171,30.785,-6.798,20.858,9.874,41.211
107360,static,3234,-8178,6382,-5309,-453,3846,0.19739,-0.49915,0.38953,1.9357,-4.8949,3.8199,-323.7195,-27.6220,234.5122,48.819,-12.030,28.207,9.262,45.296
107380,static,2750,-14934,4268,-4821,206,4310,0.16785,-0.91150,0.26050,1.6460,-8.9388,2.5546,-293.9634,12.5610,262.8049,71.223,-16.127,35.366,7.179,49.644
107400,static,246,-18412,6870,-4044,930,4242,0.01501,-1.12378,0.41931,0.1472,-11.0205,4.1120,-246.5854,56.7073,258.6586,69.526,-19.247,41.871,3.638,53.562
107420,static,-2368,-18256,7562,-3546,1505,3592,-0.14453,-1.11426,0.46155,-1.4174,-10.9271,4.5262,-216.2195,91.7683,219.0244,66.537,-21.769,47.176,-0.850,56.311
107440,static,-4106,-18584,5648,-3300,1815,2701,-0.25061,-1.13428,0.34473,-2.4576,-11.1235,3.3806,-201.2195,110.6707,164.6951,69.407,-23.890,51.685,-5.418,57.604
107460,static,-5262,-19246,5124,-2990,2008,1725,-0.32117,-1.17468,0.31274,-3.1496,-11.5197,3.0670,-182.3171,122.4390,105.1829,69.112,-25.603,55.930,-9.407,57.588
107480,static,-4962,-21562,4398,-2428,2132,834,-0.30286,-1.31604,0.26843,-2.9700,-12.9059,2.6324,-148.0488,130.0000,50.8537,72.907,-26.535,59.958,-12.495,56.432
107500,static,-2994,-23452,2224,-1498,2336,241,-0.18274,-1.43140,0.13574,-1.7921,-14.0372,1.3312,-91.3415,142.4390,14.6951,80.964,-26.175,63.507,-14.577,54.393
107520,static,-2106,-28184,-878,-140,2804,53,-0.12854,-1.72021,-0.05359,-1.2605,-16.8695,-0.5255,-8.5366,170.9756,3.2317,85.372,-24.111,66.170,-15.937,51.634
107540,static,-4418,-29788,-450,1866,3315,46,-0.26965,-1.81812,-0.02747,-2.6444,-17.8296,-0.2693,113.7805,202.1342,2.8049,81.521,-19.769,67.512,-17.138,48.089
107560,static,-3440,-27052,-1392,3942,3499,28,-0.20996,-1.65112,-0.08496,-2.0590,-16.1920,-0.8332,240.3659,213.3537,1.7073,82.189,-13.018,66.700,-18.559,43.933
107580,static,-2982,-21766,-4088,5901,3721,57,-0.18201,-1.32849,-0.24951,-1.7849,-13.0280,-2.4469,359.8171,226.8903,3.4756,76.913,-4.167,63.557,-20.180,39.558
107600,static,-6688,-14796,-3856,6985,3979,-132,-0.40820,-0.90308,-0.23535,-4.0031,-8.8562,-2.3080,425.9147,242.6220,-8.0488,62.446,5.513,58.419,-22.265,34.967
107620,static,-10562,-12568,-2744,7379,3955,-464,-0.64465,-0.76709,-0.16748,-6.3219,-7.5226,-1.6424,449.9391,241.1586,-28.2927,49.033,15.202,52.257,-24.952,30.165
107640,static,-13360,-7768,-2020,7683,3501,-432,-0.81543,-0.47412,-0.12329,-7.9966,-4.6495,-1.2091,468.4756,213.4756,-26.3415,29.895,24.678,45.724,-27.959,25.431
107660,static,-17988,-2400,2268,7909,2481,43,-1.09790,-0.14648,0.13843,-10.7667,-1.4365,1.3575,482.2561,151.2805,2.6220,7.541,33.788,38.460,-31.224,21.606
107680,static,-18668,5540,8888,7568,1223,345,-1.13940,0.33813,0.54248,-11.1737,3.3160,5.3199,461.4635,74.5732,21.0366,-15.000,41.857,29.809,-34.317,19.771
107700,static,-16718,3432,8590,6657,72,291,-1.02039,0.20947,0.52429,-10.0066,2.0542,5.1415,405.9147,4.3902,17.7439,-10.348,48.768,20.380,-36.324,19.744
107720,static,-15390,6948,8672,6338,-1184,800,-0.93933,0.42407,0.52930,-9.2117,4.1587,5.1906,386.4634,-72.1951,48.7805,-21.471,54.938,11.489,-36.852,20.515
107740,static,-14240,15546,10334,5407,-2268,1148,-0.86914,0.94885,0.63074,-8.5234,9.3051,6.1854,329.6951,-138.2927,70.0000,-41.463,59.472,2.447,-35.805,22.294
107760,static,-15726,19304,11648,3697,-3202,1152,-0.95984,1.17822,0.71094,-9.4128,11.5544,6.9719,225.4268,-195.2439,70.2439,-44.608,61.809,-5.767,-33.198,24.386
107780,static,-14620,18744,11072,1907,-4344,982,-0.89233,1.14404,0.67578,-8.7508,11.2192,6.6272,116.2805,-264.8781,59.8781,-45.625,61.940,-11.564,-29.298,25.785
107800,static,-7068,20288,7686,232,-5257,900,-0.43140,1.23828,0.46912,-4.2306,12.1434,4.6005,14.1463,-320.5488,54.8781,-62.766,59.723,-14.588,-24.084,26.085
107820,static,-1090,19270,6714,-1487,-5509,1162,-0.06653,1.17615,0.40979,-0.6524,11.5341,4.0187,-90.6707,-335.9147,70.8537,-70.558,55.340,-15.390,-17.742,25.804
107840,static,1406,16484,5548,-3102,-5483,1501,0.08582,1.00610,0.33862,0.8416,9.8665,3.3208,-189.1464,-334.3293,91.5244,-70.853,49.109,-14.207,-10.844,25.716
107860,static,3202,14224,4536,-4566,-5132,1759,0.19543,0.86816,0.27686,1.9166,8.5138,2.7150,-278.4147,-312.9269,107.2561,-68.677,41.296,-11.084,-3.871,26.187
107880,static,4494,8282,4302,-5909,-4456,2149,0.27429,0.50549,0.26257,2.6899,4.9572,2.5750,-360.3049,-271.7073,131.0366,-53.087,32.347,-6.043,2.677,27.439
107900,static,3600,1174,3256,-6440,-3701,2921,0.21973,0.07166,0.19873,2.1548,0.7027,1.9489,-392.6829,-225.6707,178.1098,-13.597,23.731,1.019,8.261,29.900
107920,static,3660,-4786,6582,-6233,-2862,3935,0.22339,-0.29211,0.40173,2.1907,-2.8647,3.9397,-380.0610,-174.5122,239.9390,32.436,16.456,9.473,12.374,34.054
107940,static,6380,-5734,6278,-6030,-1807,4756,0.38940,-0.34998,0.38318,3.8188,-3.4321,3.7577,-367.6829,-110.1829,290.0000,32.644,9.573,18.491,14.454,39.821
107960,static,6632,-12734,3622,-5639,-431,5335,0.40479,-0.77722,0.22107,3.9696,-7.6219,2.1679,-343.8415,-26.2805,325.3049,59.314,3.829,27.521,14.107,46.253
107980,static,4554,-13916,3440,-5023,1104,5393,0.27795,-0.84937,0.20996,2.7258,-8.3294,2.0590,-306.2805,67.3171,328.8415,67.700,-0.897,35.940,11.089,52.162
108000,static,-558,-18812,3430,-4731,2396,4989,-0.03406,-1.14819,0.20935,-0.3340,-11.2599,2.0530,-288.4756,146.0976,304.2073,79.534,-4.942,43.055,5.835,56.294
108020,static,-6508,-27536,5306,-3776,2837,4212,-0.39722,-1.68066,0.32385,-3.8954,-16.4817,3.1759,-230.2439,172.9878,256.8293,73.041,-7.896,49.285,-0.636,58.272
108040,static,-9548,-32768,7926,-2035,2551,2717,-0.58276,-2.00000,0.48376,-5.7150,-19.6133,4.7441,-124.0854,155.5488,165.6707,69.259,-8.785,54.199,-6.906,58.567
108060,static,-9110,-32768,6466,161,1958,359,-0.55603,-2.00000,0.39465,-5.4528,-19.6133,3.8702,9.8171,119.3902,21.8902,71.174,-6.993,57.060,-11.328,57.604
108080,static,-9650,-32768,3810,2730,1385,-2035,-0.58899,-2.00000,0.23254,-5.7760,-19.6133,2.2805,166.4634,84.4512,-124.0854,72.431,-2.142,57.461,-12.776,55.484
108100,static,-9566,-30342,602,5500,727,-3417,-0.58386,-1.85193,0.03674,-5.7257,-18.1612,0.3603,335.3659,44.3293,-208.3537,72.469,5.924,55.022,-11.561,52.383
108120,static,-8466,-14678,224,7622,264,-3585,-0.51672,-0.89587,0.01367,-5.0673,-8.7855,0.1341,464.7561,16.0976,-218.5976,60.016,16.115,49.393,-9.018,48.927
108140,static,-5586,-10950,-680,8350,176,-3367,-0.34094,-0.66834,-0.04150,-3.3435,-6.5541,-0.4070,509.1464,10.7317,-205.3049,62.801,27.028,41.026,-6.500,45.507
108160,static,-4852,386,3748,8622,0,-2825,-0.29614,0.02356,0.22876,-2.9042,0.2310,2.2434,525.7317,0.0000,-172.2561,-3.603,36.719,31.460,-4.591,42.071
108180,static,-4622,6446,9008,7674,-513,-2245,-0.28210,0.39343,0.54980,-2.7665,3.8583,5.3917,467.9269,-31.2805,-136.8902,-32.484,44.507,21.262,-3.328,39.079
108200,static,-3278,13344,11260,6301,-1045,-1903,-0.20007,0.81445,0.68726,-1.9620,7.9871,6.7397,384.2073,-63.7195,-116.0366,-48.689,50.173,11.718,-2.160,36.719
108220,static,382,18868,14702,4290,-1293,-1719,0.02332,1.15161,0.89734,0.2286,11.2934,8.7999,261.5854,-78.8415,-104.8171,-52.065,53.256,3.589,-0.757,34.623
108240,static,3726,17538,15428,2413,-1424,-1181,0.22742,1.07043,0.94165,2.2302,10.4974,9.2344,147.1342,-86.8293,-72.0122,-47.856,54.117,-2.356,0.779,32.611
108260,static,7300,20922,14286,1141,-1393,20,0.44556,1.27698,0.87195,4.3694,12.5229,8.5509,69.5732,-84.9390,1.2195,-52.519,53.348,-6.091,2.469,31.197
108280,static,7492,26258,14148,-654,-1039,1580,0.45728,1.60266,0.86353,4.4843,15.7167,8.4683,-39.8780,-63.3537,96.3415,-58.630,50.327,-8.249,4.393,31.200
108300,static,4956,23528,14760,-2835,-763,2796,0.30249,1.43604,0.90088,2.9664,14.0827,8.8346,-172.8659,-46.5244,170.4878,-56.505,44.802,-8.244,6.171,33.037
108320,static,1554,15224,14582,-4792,-517,3083,0.09485,0.92920,0.89001,0.9301,9.1123,8.7281,-292.1951,-31.5244,187.9878,-46.072,37.258,-5.274,7.573,36.285
108340,static,-282,11722,9640,-6450,-431,2504,-0.01721,0.71545,0.58838,-0.1688,7.0162,5.7700,-393.2927,-26.2805,152.6829,-50.555,27.793,0.459,8.309,39.835
108360,static,3932,5636,166,-7783,-214,2238,0.23999,0.34399,0.01013,2.3535,3.3734,0.0994,-474.5732,-13.0488,136.4634,-55.074,16.834,8.299,8.466,42.798
108380,static,2016,-762,-2994,-8482,331,2412,0.12305,-0.04651,-0.18274,1.2067,-0.4561,-1.7921,-517.1952,20.1829,147.0732,11.921,6.599,17.894,8.105,45.498
108400,static,-368,-7372,-4402,-9020,665,2513,-0.02246,-0.44995,-0.26868,-0.2203,-4.4125,-2.6348,-550.0000,40.5488,153.2317,59.070,-3.132,28.654,6.614,48.042
108420,static,-2686,-24788,-5246,-8633,903,2828,-0.16394,-1.51294,-0.32019,-1.6077,-14.8369,-3.1400,-526.4025,55.0610,172.4390,76.626,-11.854,40.230,4.074,50.151
108440,static,-2812,-32768,-2618,-6298,1197,3396,-0.17163,-2.00000,-0.15979,-1.6831,-19.6133,-1.5670,-384.0244,72.9878,207.0732,83.313,-17.478,51.436,0.527,51.802
108460,static,-1522,-32768,-28,-3088,1775,3678,-0.09290,-2.00000,-0.00171,-0.9110,-19.6133,-0.0168,-188.2927,108.2317,224.2683,87.340,-19.072,59.627,-3.986,52.828
108480,static,-2328,-32768,610,-672,2444,2914,-0.14209,-2.00000,0.03723,-1.3934,-19.6133,0.3651,-40.9756,149.0244,177.6829,85.800,-17.778,63.773,-8.915,52.776
108500,static,-10824,-32768,5224,1072,2767,807,-0.66064,-2.00000,0.31885,-6.4787,-19.6133,3.1268,65.3659,168.7195,49.2073,69.858,-14.744,65.237,-13.015,51.218
108520,static,-13694,-26506,10038,1787,2111,-1384,-0.83582,-1.61780,0.61267,-8.1965,-15.8652,6.0082,108.9634,128.7195,-84.3902,57.357,-11.166,64.940,-15.054,48.254
108540,static,-6688,-29310,8194,2685,1423,-2183,-0.40820,-1.78894,0.50012,-4.0031,-17.5435,4.9045,163.7195,86.7683,-133.1098,70.157,-6.331,63.568,-14.791,45.055
108560,static,-772,-29000,6150,4602,1205,-1531,-0.04712,-1.77002,0.37537,-0.4621,-17.3580,3.6811,280.6098,73.4756,-93.3537,77.936,0.854,60.908,-13.318,42.178
108580,static,-752,-28146,2322,6848,1541,-396,-0.04590,-1.71790,0.14172,-0.4501,-16.8468,1.3898,417.5610,93.9634,-24.1463,85.044,10.722,55.864,-12.458,39.814
108600,static,-6558,-18890,-968,8877,1453,207,-0.40027,-1.15295,-0.05908,-3.9253,-11.3066,-0.5794,541.2805,88.5976,12.6220,70.663,22.530,48.269,-13.091,37.845
108620,static,-7550,-7508,-632,9735,565,542,-0.46082,-0.45825,-0.03857,-4.5191,-4.4939,-0.3783,593.5976,34.4512,33.0488,44.740,34.609,38.224,-14.648,36.704
108640,static,-7466,-1884,-424,9465,-519,612,-0.45569,-0.11499,-0.02588,-4.4688,-1.1277,-0.2538,577.1342,-31.6463,37.3171,14.141,45.512,26.658,-15.825,36.867
108660,static,-7162,1568,-1960,8926,-1339,570,-0.43713,0.09570,-0.11963,-4.2868,0.9385,-1.1732,544.2683,-81.6464,34.7561,-11.924,55.030,14.998,-15.791,37.810
108680,static,-5606,6234,-1366,8327,-1833,230,-0.34216,0.38049,-0.08337,-3.3555,3.7314,-0.8176,507.7440,-111.7683,14.0244,-47.213,62.937,3.863,-14.626,38.755
108700,static,-3040,15334,-124,7662,-1796,-174,-0.18555,0.93591,-0.00757,-1.8196,9.1782,-0.0742,467.1952,-109.5122,-10.6098,-78.777,69.260,-6.606,-12.769,38.987
108720,static,-758,27924,5192,6104,-1540,-358,-0.04626,1.70435,0.31689,-0.4537,16.7139,3.1077,372.1951,-93.9024,-21.8293,-79.358,73.583,-16.370,-10.918,38.452
108740,static,1822,32767,8788,3892,-1198,-237,0.11121,1.99994,0.53638,1.0906,19.6127,5.2601,237.3171,-73.0488,-14.4512,-74.682,75.269,-24.570,-9.336,37.619
108760,static,2580,32767,10780,1587,-814,-26,0.15747,1.99994,0.65796,1.5443,19.6127,6.4524,96.7683,-49.6341,-1.5854,-71.310,74.234,-30.208,-7.998,36.949
108780,static,3360,32767,9298,-796,-391,233,0.20508,1.99994,0.56750,2.0111,19.6127,5.5653,-48.5366,-23.8415,14.2073,-73.210,70.334,-32.959,-6.933,36.623
108800,static,2002,32767,7948,-3330,191,354,0.12219,1.99994,0.48511,1.1983,19.6127,4.7573,-203.0488,11.6463,21.5854,-75.956,63.428,-32.824,-6.172,36.823
108820,static,1868,29292,5178,-5644,586,120,0.11401,1.78784,0.31604,1.1181,17.5327,3.0993,-344.1464,35.7317,7.3171,-79.357,53.827,-29.735,-6.014,37.462
108840,static,2414,26964,2268,-7939,855,-105,0.14734,1.64575,0.13843,1.4449,16.1393,1.3575,-484.0854,52.1341,-6.4024,-82.997,41.603,-23.854,-6.497,38.034
108860,static,310,16012,-2968,-10053,887,189,0.01892,0.97729,-0.18115,0.1856,9.5840,-1.7765,-612.9878,54.0854,11.5244,-79.443,27.167,-15.189,-7.384,38.472
108880,static,-2552,-756,-8804,-11038,635,558,-0.15576,-0.04614,-0.53735,-1.5275,-0.4525,-5.2696,-673.0488,38.7195,34.0244,4.715,13.526,-3.764,-8.383,39.070
108900,static,-6598,-7636,-10446,-10612,178,677,-0.40271,-0.46606,-0.63757,-3.9492,-4.5705,-6.2525,-647.0732,10.8537,41.2805,31.718,1.208,9.411,-9.356,39.745
108920,static,-8478,-18582,-11210,-9954,-324,609,-0.51746,-1.13416,-0.68420,-5.0745,-11.1223,-6.7098,-606.9513,-19.7561,37.1341,52.897,-9.655,22.632,-10.161,40.400
108940,static,-9730,-32768,-6980,-8275,-874,484,-0.59387,-2.00000,-0.42603,-5.8239,-19.6133,-4.1779,-504.5732,-53.2927,29.5122,69.926,-17.953,35.447,-10.576,41.061
108960,static,-7414,-32768,760,-4893,-1265,76,-0.45251,-2.00000,0.04639,-4.4377,-19.6133,0.4549,-298.3537,-77.1342,4.6341,77.186,-21.898,46.253,-10.478,41.928
108980,static,-976,-32768,4982,-1300,-1187,-847,-0.05957,-2.00000,0.30408,-0.5842,-19.6133,2.9820,-79.2683,-72.3781,-51.6463,81.193,-21.390,52.544,-9.651,42.879
109000,static,3286,-32768,4390,1546,-490,-2134,0.20056,-2.00000,0.26794,1.9668,-19.6133,2.6276,94.2683,-29.8781,-130.1220,80.500,-17.504,54.375,-7.736,43.080
109020,static,1752,-25170,6266,3189,411,-2674,0.10693,-1.53625,0.38245,1.0487,-15.0655,3.7505,194.4512,25.0610,-163.0488,75.507,-11.833,53.093,-5.001,41.706
109040,static,94,-25540,10588,4216,590,-2060,0.00574,-1.55884,0.64624,0.0563,-15.2870,6.3375,257.0732,35.9756,-125.6098,67.482,-5.208,49.771,-2.686,39.224
109060,static,5892,-28054,5076,6028,532,-725,0.35962,-1.71228,0.30981,3.5267,-16.7917,3.0382,367.5610,32.4390,-44.2073,74.506,3.591,44.862,-1.425,37.125
109080,static,4228,-20228,-82,7895,1096,236,0.25806,-1.23462,-0.00500,2.5307,-12.1075,-0.0491,481.4025,66.8293,14.3902,78.192,14.518,37.991,-1.279,36.063
109100,static,-4250,-10274,-506,8875,1122,305,-0.25940,-0.62708,-0.03088,-2.5438,-6.1495,-0.3029,541.1586,68.4146,18.5976,67.384,26.182,29.048,-2.359,35.524
109120,static,-8732,2502,1910,8839,474,-27,-0.53296,0.15271,0.11658,-5.2265,1.4976,1.1432,538.9635,28.9024,-1.6463,-15.638,35.909,18.709,-3.855,35.250
109140,static,-7940,10420,6038,7720,-292,-231,-0.48462,0.63599,0.36853,-4.7525,6.2369,3.6140,470.7317,-17.8049,-14.0854,-46.250,43.493,7.976,-4.761,35.065
109160,static,-1062,7130,2122,7030,-424,-184,-0.06482,0.43518,0.12952,-0.6357,4.2677,1.2701,428.6586,-25.8537,-11.2195,-71.592,49.593,-1.838,-4.804,34.857
109180,static,-3030,19762,5998,7083,-324,-19,-0.18494,1.20618,0.36609,-1.8136,11.8286,3.5901,431.8903,-19.7561,-1.1585,-71.220,55.641,-10.894,-4.471,34.634
109200,static,-1490,32767,11476,5183,-388,131,-0.09094,1.99994,0.70044,-0.8918,19.6127,6.8690,316.0366,-23.6585,7.9878,-70.548,59.312,-20.129,-4.212,34.591
109220,static,74,32767,13982,2288,118,33,0.00452,1.99994,0.85339,0.0443,19.6127,8.3689,139.5122,7.1951,2.0122,-66.891,59.522,-27.361,-3.871,34.689
109240,static,3722,32767,13592,-745,437,-367,0.22717,1.99994,0.82959,2.2278,19.6127,8.1355,-45.4268,26.6463,-22.3781,-66.728,56.107,-30.923,-3.999,34.850
109260,static,9310,32767,7256,-4080,874,-309,0.56824,1.99994,0.44287,5.5725,19.6127,4.3431,-248.7805,53.2927,-18.8415,-70.190,48.705,-30.634,-4.520,34.862
109280,static,4412,32767,3342,-7282,1354,124,0.26929,1.99994,0.20398,2.6408,19.6127,2.0004,-444.0244,82.5610,7.5610,-80.412,37.420,-26.511,-5.191,35.275
109300,static,-3378,21136,-1748,-9619,1134,474,-0.20618,1.29004,-0.10669,-2.0219,12.6510,-1.0463,-586.5244,69.1463,28.9024,-79.799,23.579,-18.865,-6.306,36.265
109320,static,-5764,11612,-6862,-10896,469,608,-0.35181,0.70874,-0.41882,-3.4500,6.9504,-4.1073,-664.3903,28.5976,37.0732,-52.341,9.039,-8.276,-7.557,37.306
109340,static,-3646,-636,-13390,-11792,-148,647,-0.22253,-0.03882,-0.81726,-2.1823,-0.3807,-8.0146,-719.0244,-9.0244,39.4512,2.624,-5.182,4.349,-8.403,38.176
109360,static,-4656,-21088,-18242,-11685,-676,421,-0.28418,-1.28711,-1.11340,-2.7869,-12.6222,-10.9188,-712.5000,-41.2195,25.6707,48.242,-18.079,18.654,-8.646,38.950
109380,static,-5328,-32768,-13018,-9134,-1236,116,-0.32520,-2.00000,-0.79456,-3.1891,-19.6133,-7.7919,-556.9513,-75.3659,7.0732,66.768,-27.298,33.653,-8.370,39.589
109400,static,-780,-32768,-2892,-4831,-1417,-178,-0.04761,-2.00000,-0.17651,-0.4669,-19.6133,-1.7310,-294.5732,-86.4024,-10.8537,84.777,-30.830,45.681,-7.506,40.396
109420,static,4026,-32768,1452,-1505,-836,-560,0.24573,-2.00000,0.08862,2.4098,-19.6133,0.8691,-91.7683,-50.9756,-34.1463,82.559,-30.361,52.197,-6.192,41.303
109440,static,68,-27436,5884,938,284,-869,0.00415,-1.67456,0.35913,0.0407,-16.4218,3.5219,57.1951,17.3171,-52.9878,77.895,-27.075,54.494,-4.831,41.403
109460,static,-2450,-19406,8448,1896,442,-844,-0.14954,-1.18445,0.51563,-1.4664,-11.6155,5.0566,115.6098,26.9512,-51.4634,65.617,-22.955,53.855,-4.072,40.391
109480,static,-3358,-13880,10406,2059,126,-473,-0.20496,-0.84717,0.63513,-2.0099,-8.3079,6.2285,125.5488,7.6829,-28.8415,51.770,-19.000,51.784,-3.678,39.364
109500,static,-7450,-12084,13920,1901,-402,-146,-0.45471,-0.73755,0.84961,-4.4592,-7.2329,8.3318,115.9146,-24.5122,-8.9024,37.430,-15.599,49.307,-3.480,38.950
109520,static,-7478,-14592,13826,1981,-979,-87,-0.45642,-0.89063,0.84387,-4.4760,-8.7340,8.2756,120.7927,-59.6951,-5.3049,42.871,-12.062,46.790,-3.316,39.257
109540,static,-6562,-16242,12434,2587,-1455,-173,-0.40051,-0.99133,0.75891,-3.9277,-9.7217,7.4424,157.7439,-88.7195,-10.5488,49.120,-7.747,44.159,-2.730,40.053
109560,static,-6634,-14970,11308,3497,-2103,-245,-0.40491,-0.91370,0.69019,-3.9708,-8.9603,6.7684,213.2317,-128.2317,-14.9390,48.789,-2.437,40.915,-1.561,41.128
109580,static,-7556,-7860,11570,4038,-3099,-624,-0.46118,-0.47974,0.70618,-4.5226,-4.7046,6.9252,246.2195,-188.9634,-38.0488,29.631,3.030,36.689,0.400,42.539
109600,static,-5926,886,12750,3682,-3969,-1410,-0.36169,0.05408,0.77820,-3.5470,0.5303,7.6315,224.5122,-242.0122,-85.9756,-3.606,7.298,31.808,3.670,44.003
109620,static,-1472,6264,13656,2431,-4529,-2305,-0.08984,0.38232,0.83350,-0.8811,3.7493,8.1738,148.2317,-276.1586,-140.5488,-24.516,9.567,27.191,8.436,44.761
109640,static,9468,5938,11586,957,-4734,-2767,0.57788,0.36243,0.70715,5.6671,3.5542,6.9348,58.3537,-288.6586,-168.7195,-21.646,10.087,23.740,14.447,44.398
109660,static,19336,-92,7060,332,-4191,-2535,1.18018,-0.00562,0.43091,11.5736,-0.0551,4.2258,20.2439,-255.5488,-154.5732,0.256,10.287,21.775,21.210,43.290
109680,static,23260,592,6640,330,-2928,-1848,1.41968,0.03613,0.40527,13.9223,0.3543,3.9744,20.1220,-178.5366,-112.6829,-1.402,10.447,20.616,27.548,42.101
109700,static,25098,1974,9104,-252,-1391,-812,1.53186,0.12048,0.55566,15.0224,1.1815,5.4492,-15.3659,-84.8171,-49.5122,-4.229,9.853,19.582,32.238,41.062
109720,static,23768,-3298,10110,-774,18,371,1.45068,-0.20129,0.61707,14.2263,-1.9740,6.0513,-47.1951,1.0976,22.6220,7.277,8.876,19.466,34.712,40.584
109740,static,21672,-4348,9134,-670,1493,1346,1.32275,-0.26538,0.55750,12.9718,-2.6025,5.4672,-40.8537,91.0366,82.0732,10.474,8.107,20.611,34.923,41.153
109760,static,18542,-192,7988,-693,3041,2108,1.13171,-0.01172,0.48755,11.0983,-0.1149,4.7812,-42.2561,185.4268,128.5366,0.545,7.128,21.996,32.937,42.255
109780,static,15968,772,6974,-1275,4507,2592,0.97461,0.04712,0.42566,9.5577,0.4621,4.1743,-77.7439,274.8171,158.0488,-2.537,5.411,23.290,28.842,43.277
109800,static,14390,-2252,4394,-1870,5890,2720,0.87830,-0.13745,0.26819,8.6131,-1.3479,2.6300,-114.0244,359.1464,165.8537,8.513,3.238,24.966,22.880,43.829
109820,static,11302,-4458,-272,-1923,7440,2697,0.68982,-0.27209,-0.01660,6.7648,-2.6683,-0.1628,-117.2561,453.6586,164.4512,21.521,1.305,27.081,15.294,43.515
109840,static,1336,-3530,-2344,-2016,8635,2752,0.08154,-0.21545,-0.14307,0.7997,-2.1129,-1.4030,-122.9268,526.5244,167.8049,52.609,-0.078,29.286,6.073,42.031
109860,static,-5872,-8578,-4370,-2176,9006,2773,-0.35840,-0.52356,-0.26672,-3.5147,-5.1344,-2.6157,-132.6829,549.1464,169.0854,49.526,-1.686,31.909,-4.680,39.534
109880,static,-10478,-10656,-2260,-2030,8884,2590,-0.63953,-0.65039,-0.13794,-6.2716,-6.3782,-1.3527,-123.7805,541.7074,157.9268,44.831,-3.182,35.547,-15.969,36.090
109900,static,-20842,-11694,1728,-1655,8072,2186,-1.27209,-0.71375,0.10547,-12.4750,-6.9994,1.0343,-100.9146,492.1952,133.2927,29.212,-4.512,40.101,-26.810,31.418
109920,static,-30610,-12478,10668,-954,6239,1783,-1.86829,-0.76160,0.65112,-18.3216,-7.4687,6.3853,-58.1707,380.4269,108.7195,21.054,-5.141,45.221,-36.317,25.776
109940,static,-32768,-11892,15932,-42,3642,1290,-2.00000,-0.72583,0.97241,-19.6133,-7.1180,9.5361,-2.5610,222.0732,78.6585,18.076,-4.727,49.539,-43.448,20.598
109960,static,-30820,-7634,13818,638,918,869,-1.88110,-0.46594,0.84338,-18.4473,-4.5693,8.2708,38.9024,55.9756,52.9878,12.736,-3.615,51.255,-47.680,17.748
109980,static,-27866,-8826,8988,972,-1290,264,-1.70081,-0.53870,0.54858,-16.6792,-5.2828,5.3798,59.2683,-78.6585,16.0976,16.775,-2.046,49.867,-49.415,18.099
110000,static,-26116,-9976,5224,1278,-3056,-667,-1.59399,-0.60889,0.31885,-15.6317,-5.9711,3.1268,77.9268,-186.3415,-40.6707,20.534,-0.067,46.716,-48.778,20.441
110020,static,-24568,-10878,3674,1714,-4570,-1338,-1.49951,-0.66394,0.22424,-14.7052,-6.5110,2.1991,104.5122,-278.6586,-81.5854,23.649,2.456,42.967,-45.817,23.378
110040,static,-20736,-8554,2590,2283,-5875,-1529,-1.26563,-0.52209,0.15808,-12.4115,-5.1200,1.5502,139.2073,-358.2317,-93.2317,22.261,5.581,38.746,-40.928,26.529
110060,static,-20136,-6172,3534,2710,-7067,-1374,-1.22900,-0.37671,0.21570,-12.0524,-3.6943,2.1153,165.2439,-430.9147,-83.7805,16.799,9.044,34.057,-34.600,29.842
110080,static,-18630,-6538,2442,2643,-8365,-1401,-1.13709,-0.39905,0.14905,-11.1510,-3.9133,1.4617,161.1585,-510.0610,-85.4268,19.186,12.405,29.058,-26.979,33.401
110100,static,-13262,-6292,-1432,2425,-9340,-2055,-0.80945,-0.38403,-0.08740,-7.9380,-3.7661,-0.8571,147.8659,-569.5122,-125.3049,25.253,15.560,24.775,-17.738,36.605
110120,static,-6666,-5832,-3756,2487,-9506,-2556,-0.40686,-0.35596,-0.22925,-3.9899,-3.4907,-2.2482,151.6464,-579.6342,-155.8537,37.315,18.968,21.607,-6.944,38.671
110140,static,3030,-5448,-4366,2773,-9147,-2815,0.18494,-0.33252,-0.26648,1.8136,-3.2609,-2.6133,169.0854,-557.7439,-171.6464,45.711,22.817,18.815,4.554,39.681
110160,static,15520,-180,-4456,3088,-7926,-3106,0.94727,-0.01099,-0.27197,9.2895,-0.1077,-2.6671,188.2927,-483.2927,-189.3902,0.639,26.064,15.631,16.137,39.672
110180,static,32767,-18416,-2436,2653,-5609,-3205,1.99994,-1.12402,-0.14868,19.6127,-11.0229,-1.4581,161.7683,-342.0122,-195.4268,29.270,29.299,11.318,26.821,38.051
110200,static,32767,21380,13660,1881,-519,-614,1.99994,1.30493,0.83374,19.6127,12.7970,8.1762,114.6951,-31.6463,-37.4390,-31.058,30.339,6.816,34.565,35.319
110220,static,21576,18760,6572,-818,861,-952,1.31689,1.14502,0.40112,12.9143,11.2288,3.9337,-49.8781,52.5000,-58.0488,-39.752,27.960,2.925,36.276,33.402
110240,static,30528,19458,4920,-1425,3443,-278,1.86328,1.18762,0.30029,18.2725,11.6466,2.9449,-86.8902,209.9390,-16.9512,-32.181,25.054,2.066,35.452,31.483
110260,static,23494,5368,-1170,-2702,5701,727,1.43396,0.32764,-0.07141,14.0623,3.2130,-0.7003,-164.7561,347.6220,44.3293,-12.855,21.067,2.565,32.114,30.378
110280,static,13068,17728,-308,-3772,7607,2338,0.79761,1.08203,-0.01880,7.8219,10.6111,-0.1844,-230.0000,463.8415,142.5610,-53.597,15.065,5.688,25.845,30.796
110300,static,-3284,7872,3620,-4947,8084,4118,-0.20044,0.48047,0.22095,-1.9656,4.7118,2.1668,-301.6464,492.9269,251.0976,-58.164,7.689,10.275,16.766,32.424
110320,static,-13112,-3802,4858,-4739,7317,5384,-0.80029,-0.23206,0.29651,-7.8482,-2.2757,2.9078,-288.9634,446.1586,328.2927,15.211,2.175,16.298,5.917,35.226
110340,static,-20210,-17236,7816,-3565,5984,5340,-1.23352,-1.05200,0.47705,-12.0967,-10.3166,4.6783,-217.3781,364.8781,325.6098,38.500,-1.359,21.933,-5.177,38.568
110360,static,-20610,-20610,12042,-1750,4516,4064,-1.25793,-1.25793,0.73499,-12.3361,-12.3361,7.2077,-106.7073,275.3659,247.8049,40.808,-2.607,26.007,-15.160,41.391
110380,static,-21328,-20574,14574,-384,3076,2198,-1.30176,-1.25574,0.88953,-12.7659,-12.3146,8.7233,-23.4146,187.5610,134.0244,38.536,-2.243,28.034,-22.767,42.981
110400,static,-20922,-16290,14796,615,1557,153,-1.27698,-0.99426,0.90308,-12.5229,-9.7504,8.8562,37.5000,94.9390,9.3293,32.444,-0.814,28.756,-27.546,43.121
110420,static,-19578,-12648,13570,1129,185,-1512,-1.19495,-0.77197,0.82825,-11.7184,-7.5705,8.1223,68.8415,11.2805,-92.1951,27.966,1.111,28.845,-29.453,41.855
110440,static,-17532,-7994,11888,1583,-919,-2663,-1.07007,-0.48792,0.72559,-10.4938,-4.7848,7.1156,96.5244,-56.0366,-162.3781,20.676,3.394,28.633,-28.988,39.614
110460,static,-16620,-3248,11680,1612,-1754,-3431,-1.01440,-0.19824,0.71289,-9.9479,-1.9441,6.9911,98.2927,-106.9512,-209.2073,9.084,5.434,28.016,-26.773,36.839
110480,static,-17200,-4216,12504,1390,-2550,-4127,-1.04980,-0.25732,0.76318,-10.2951,-2.5235,7.4843,84.7561,-155.4878,-251.6464,11.214,7.211,27.220,-23.332,33.816
110500,static,-17982,-7018,12550,1450,-3507,-4766,-1.09753,-0.42834,0.76599,-10.7631,-4.2006,7.5118,88.4146,-213.8415,-290.6098,17.747,9.155,26.564,-18.732,30.494
110520,static,-15282,-10510,10206,2223,-4629,-5019,-0.93274,-0.64148,0.62292,-9.1470,-6.2908,6.1088,135.5488,-282.2561,-306.0366,29.766,12.224,25.604,-12.877,27.028
110540,static,-10566,-6292,6782,3124,-5531,-5163,-0.64490,-0.38403,0.41394,-6.3243,-3.7661,4.0594,190.4878,-337.2561,-314.8171,26.617,16.245,23.416,-5.787,23.761
110560,static,-3920,-472,4228,3511,-5787,-5542,-0.23926,-0.02881,0.25806,-2.3463,-0.2825,2.5307,214.0854,-352.8659,-337.9269,4.680,20.210,19.748,2.258,20.339
110580,static,2908,5206,4090,3379,-5357,-5810,0.17749,0.31775,0.24963,1.7406,3.1161,2.4481,206.0366,-326.6464,-354.2683,-46.051,22.923,14.912,10.641,15.896
110600,static,11024,11386,6008,2756,-4495,-5589,0.67285,0.69495,0.36670,6.5984,6.8151,3.5961,168.0488,-274.0854,-340.7927,-42.205,24.914,9.071,18.393,10.061
110620,static,19982,14006,6330,1814,-3246,-4737,1.21960,0.85486,0.38635,11.9602,8.3833,3.7888,110.6098,-197.9268,-288.8415,-33.751,25.909,2.719,24.692,3.250
110640,static,24646,16580,7784,1354,-1648,-2661,1.50427,1.01196,0.47510,14.7519,9.9240,4.6591,82.5610,-100.4878,-162.2561,-32.680,26.355,-3.096,29.046,-3.251
110660,static,24954,20564,9296,403,-151,0,1.52307,1.25513,0.56738,14.9362,12.3086,5.5641,24.5732,-9.2073,0.0000,-37.677,25.556,-7.347,31.378,-7.168
110680,static,19496,18124,10126,-755,1241,2430,1.18994,1.10620,0.61804,11.6693,10.8481,6.0609,-46.0366,75.6707,148.1707,-39.522,23.352,-8.604,32.129,-7.280
110700,static,12430,12258,11574,-1778,2140,4096,0.75867,0.74817,0.70642,7.4400,7.3370,6.9276,-108.4146,130.4878,249.7561,-35.819,20.044,-6.467,31.408,-3.771
110720,static,7148,7288,12302,-2238,2504,5273,0.43628,0.44482,0.75085,4.2784,4.3622,7.3634,-136.4634,152.6829,321.5244,-27.123,16.426,-1.852,29.321,2.096
110740,static,4050,5140,12082,-2263,2552,6368,0.24719,0.31372,0.73743,2.4241,3.0765,7.2317,-137.9878,155.6098,388.2927,-21.968,12.954,3.829,26.129,9.290
110760,static,2006,3024,9542,-1988,2613,7632,0.12244,0.18457,0.58240,1.2007,1.8100,5.7114,-121.2195,159.3293,465.3659,-17.231,9.974,9.519,21.982,17.415
110780,static,-1630,464,8760,-1500,2877,8837,-0.09949,0.02832,0.53467,-0.9756,0.2777,5.2433,-91.4634,175.4268,538.8415,-2.981,7.922,14.567,16.691,26.448
110800,static,-8494,-1732,12104,-1244,2898,9237,-0.51843,-0.10571,0.73877,-5.0841,-1.0367,7.2449,-75.8537,176.7073,563.2318,6.681,6.411,18.315,9.954,36.085
110820,static,-10678,-10410,11796,-692,2595,8623,-0.65173,-0.63538,0.71997,-6.3913,-6.2309,7.0605,-42.1951,158.2317,525.7927,33.195,6.119,20.609,2.385,45.490
110840,static,-11508,-11598,13384,330,2102,7504,-0.70239,-0.70789,0.81689,-6.8881,-6.9420,8.0110,20.1220,128.1707,457.5610,33.308,7.057,21.294,-4.844,54.023
110860,static,-14314,80,20468,435,1260,6162,-0.87366,0.00488,1.24927,-8.5677,0.0479,12.2511,26.5244,76.8293,375.7317,-0.184,7.432,19.979,-10.865,61.576
110880,static,-14788,-4714,19058,-595,201,4099,-0.90259,-0.28772,1.16321,-8.8514,-2.8216,11.4072,-36.2805,12.2561,249.9390,11.057,6.794,17.879,-15.026,68.152
110900,static,-12782,-11678,16254,-834,-766,2099,-0.78015,-0.71277,0.99207,-7.6507,-6.9899,9.7288,-50.8537,-46.7073,127.9878,29.456,6.250,17.264,-17.028,72.784
110920,static,-11866,-11744,15808,-468,-1647,330,-0.72424,-0.71680,0.96484,-7.1024,-7.0294,9.4619,-28.5366,-100.4268,20.1220,30.717,6.180,17.713,-17.097,75.299
110940,static,-10550,-10996,14536,-164,-2410,-1497,-0.64392,-0.67114,0.88721,-6.3147,-6.5817,8.7005,-10.0000,-146.9512,-91.2805,31.476,6.490,18.311,-15.482,75.988
110960,static,-9214,-12376,13298,159,-3057,-3330,-0.56238,-0.75537,0.81165,-5.5150,-7.4077,7.9595,9.6951,-186.4025,-203.0488,37.415,7.299,18.985,-12.289,74.828
110980,static,-9332,-7366,14250,710,-3667,-4971,-0.56958,-0.44958,0.86975,-5.5857,-4.4089,8.5293,43.2927,-223.5976,-303.1098,23.385,8.469,19.468,-7.659,71.925
111000,static,-7878,-7926,11598,898,-3998,-6622,-0.48083,-0.48376,0.70789,-4.7154,-4.7441,6.9420,54.7561,-243.7805,-403.7805,29.480,9.963,19.100,-1.787,67.405
111020,static,-5334,-6064,8808,1499,-4186,-8153,-0.32556,-0.37012,0.53760,-3.1927,-3.6296,5.2720,91.4024,-255.2439,-497.1342,30.494,12.165,17.842,5.022,61.081
111040,static,-1054,2988,8580,1947,-3986,-9228,-0.06433,0.18237,0.52368,-0.6309,1.7885,5.1356,118.7195,-243.0488,-562.6829,-19.068,13.867,14.798,12.337,52.714
111060,static,4526,10646,9058,1937,-3544,-9147,0.27625,0.64978,0.55286,2.7090,6.3722,5.4217,118.1098,-216.0976,-557.7439,-46.435,14.976,9.313,19.156,42.260
111080,static,11018,10600,6628,1563,-2848,-8127,0.67249,0.64697,0.40454,6.5948,6.3446,3.9672,95.3049,-173.6585,-495.5488,-39.502,15.754,2.110,24.447,30.704
111100,static,15456,10086,5174,1712,-1826,-6575,0.94336,0.61560,0.31580,9.2512,6.0370,3.0969,104.3902,-111.3415,-400.9147,-31.750,16.850,-5.299,27.758,19.566
111120,static,16374,16522,8472,1835,-760,-4563,0.99939,1.00842,0.51709,9.8007,9.8893,5.0709,111.8902,-46.3415,-278.2317,-41.866,17.869,-12.321,29.081,10.283
111140,static,15964,23922,13572,1157,-47,-2225,0.97437,1.46008,0.82837,9.5553,14.3185,8.1235,70.5488,-2.8659,-135.6707,-48.785,17.919,-18.217,28.890,3.937
111160,static,17224,24486,12680,-215,488,163,1.05127,1.49451,0.77393,10.3094,14.6561,7.5896,-13.1098,29.7561,9.9390,-48.863,16.326,-21.680,28.259,0.968
111180,static,17266,24826,10670,-1420,1235,2680,1.05383,1.51526,0.65125,10.3346,14.8596,6.3865,-86.5854,75.3049,163.4146,-50.732,13.288,-21.909,28.033,1.406
111200,static,13476,21738,8118,-2488,2199,5097,0.82251,1.32678,0.49548,8.0661,13.0113,4.8590,-151.7073,134.0854,310.7927,-54.106,8.966,-19.021,28.038,5.452
111220,static,7924,16190,6160,-3121,3106,7038,0.48364,0.98816,0.37598,4.7429,9.6905,3.6871,-190.3049,189.3902,429.1464,-58.204,3.893,-13.312,27.379,12.934
111240,static,3110,9016,4904,-3080,3899,8578,0.18982,0.55029,0.29932,1.8615,5.3965,2.9353,-187.8049,237.7439,523.0488,-57.215,-1.010,-5.794,25.099,22.995
111260,static,-2130,2090,4786,-2430,4549,9579,-0.13000,0.12756,0.29211,-1.2749,1.2510,2.8647,-148.1707,277.3781,584.0854,-21.750,-4.329,1.852,20.571,34.509
111280,static,-7398,-1000,7972,-1715,4826,9523,-0.45154,-0.06104,0.48657,-4.4281,-0.5986,4.7716,-104.5732,294.2683,580.6707,5.253,-6.187,7.947,13.720,46.148
111300,static,-13738,-3220,12688,-1381,4546,8279,-0.83850,-0.19653,0.77441,-8.2229,-1.9273,7.5944,-84.2073,277.1951,504.8171,9.770,-7.518,11.649,5.477,56.572
111320,static,-17362,-12542,14684,-1168,3865,5864,-1.05969,-0.76550,0.89624,-10.3920,-7.5070,8.7891,-71.2195,235.6707,357.5610,28.880,-8.186,13.523,-2.732,64.879
111340,static,-21396,-17392,18640,-674,2559,2733,-1.30591,-1.06152,1.13770,-12.8066,-10.4100,11.1570,-41.0976,156.0366,166.6464,31.504,-8.198,14.637,-9.612,70.239
111360,static,-23218,-18336,20072,20,660,-351,-1.41711,-1.11914,1.22510,-13.8971,-10.9750,12.0141,1.2195,40.2439,-21.4024,30.855,-7.393,15.529,-13.994,72.155
111380,static,-22536,-15988,18756,807,-1441,-2917,-1.37549,-0.97583,1.14478,-13.4889,-9.5696,11.2264,49.2073,-87.8659,-177.8659,28.603,-5.709,16.239,-15.116,71.011
111400,static,-19570,-11008,15012,1346,-3189,-5153,-1.19446,-0.67188,0.91626,-11.7136,-6.5888,8.9854,82.0732,-194.4512,-314.2073,24.052,-3.505,16.455,-12.965,67.590
111420,static,-16008,-11436,9194,1813,-4243,-7277,-0.97705,-0.69800,0.56116,-9.5816,-6.8450,5.5031,110.5488,-258.7195,-443.7195,31.778,-0.632,16.056,-8.100,62.196
111440,static,-13786,-6268,5332,3081,-4744,-8921,-0.84143,-0.38257,0.32544,-8.2516,-3.7517,3.1915,187.8659,-289.2683,-543.9635,22.979,3.522,14.623,-1.443,54.698
111460,static,-9372,10794,5166,3849,-5000,-9573,-0.57202,0.65881,0.31531,-5.6096,6.4608,3.0921,234.6951,-304.8781,-583.7196,-45.247,7.147,10.546,5.886,45.253
111480,static,-1280,18424,5592,3392,-4815,-9363,-0.07813,1.12451,0.34131,-0.7661,11.0277,3.3471,206.8293,-293.5976,-570.9147,-72.705,9.604,3.629,12.765,34.202
111500,static,9506,24176,4986,3099,-4125,-7642,0.58020,1.47559,0.30432,5.6898,14.4706,2.9844,188.9634,-251.5244,-465.9756,-66.059,11.794,-4.632,18.218,22.308
111520,static,20816,31096,5594,2439,-2965,-4373,1.27051,1.89795,0.34143,12.4594,18.6125,3.3483,148.7195,-180.7927,-266.6464,-55.272,13.368,-13.107,21.862,11.806
111540,static,25362,30774,9124,1045,-1476,-391,1.54797,1.87830,0.55688,15.1804,18.4198,5.4612,63.7195,-90.0000,-23.8415,-48.787,13.373,-19.802,24.406,5.266
111560,static,23472,27454,8336,-474,229,2857,1.43262,1.67566,0.50879,14.0492,16.4326,4.9895,-28.9024,13.9634,174.2073,-47.783,11.584,-22.608,26.595,4.078
111580,static,16668,23018,7226,-1784,1840,4990,1.01733,1.40491,0.44104,9.9766,13.7774,4.3251,-108.7805,112.1951,304.2683,-51.718,8.186,-21.230,28.154,7.728
111600,static,10458,18514,5578,-2701,3118,6502,0.63831,1.13000,0.34045,6.2596,11.0816,3.3387,-164.6951,190.1220,396.4634,-57.373,3.646,-16.461,28.278,14.894
111620,static,5338,11944,4296,-3064,4100,7779,0.32581,0.72900,0.26221,3.1951,7.1491,2.5714,-186.8293,250.0000,474.3293,-60.158,-1.292,-9.568,26.468,24.378
111640,static,66,5628,5712,-2788,4840,8689,0.00403,0.34351,0.34863,0.0395,3.3686,3.4189,-170.0000,295.1220,529.8171,-44.574,-5.489,-1.992,22.424,35.207
111660,static,-6376,2342,8418,-2561,4933,8672,-0.38916,0.14294,0.51379,-3.8164,1.4018,5.0386,-156.1585,300.7927,528.7805,-12.505,-8.690,4.626,16.095,46.190
111680,static,-11104,-7144,8210,-2166,4772,7789,-0.67773,-0.43604,0.50110,-6.6463,-4.2760,4.9141,-132.0732,290.9756,474.9391,27.354,-10.558,9.584,8.383,55.988
111700,static,-13214,-16228,12698,-1370,4286,5721,-0.80652,-0.99048,0.77502,-7.9092,-9.7133,7.6004,-83.5366,261.3415,348.8415,41.525,-11.154,12.934,0.343,63.945
111720,static,-18046,-19210,17082,-555,3537,2685,-1.10144,-1.17249,1.04260,-10.8014,-11.4982,10.2244,-33.8415,215.6707,163.7195,37.707,-10.840,14.746,-6.941,69.014
111740,static,-22366,-22538,19532,317,1931,-568,-1.36511,-1.37561,1.19214,-13.3872,-13.4901,11.6909,19.3293,117.7439,-34.6341,37.199,-9.500,15.792,-12.374,70.488
111760,static,-23040,-18328,18322,1323,13,-3347,-1.40625,-1.11865,1.11829,-13.7906,-10.9702,10.9666,80.6707,0.7927,-204.0854,31.907,-7.091,16.518,-14.895,68.550
111780,static,-20906,-11682,15784,1962,-1609,-5411,-1.27600,-0.71301,0.96338,-12.5133,-6.9923,9.4475,119.6342,-98.1098,-329.9390,24.035,-4.123,16.563,-14.305,64.039
111800,static,-17282,-8208,12116,2845,-2805,-6441,-1.05481,-0.50098,0.73950,-10.3441,-4.9129,7.2520,173.4756,-171.0366,-392.7439,21.251,-0.216,15.800,-11.241,57.852
111820,static,-13756,-2306,8550,3696,-3653,-6750,-0.83960,-0.14075,0.52185,-8.2337,-1.3803,5.1176,225.3659,-222.7439,-411.5854,8.103,4.368,13.516,-6.621,50.950
111840,static,-8362,5790,7704,4093,-4122,-6448,-0.51038,0.35339,0.47021,-5.0051,3.4656,4.6112,249.5732,-251.3415,-393.1708,-26.987,8.632,9.426,-1.290,43.799
111860,static,-2358,11358,8054,3713,-4163,-5793,-0.14392,0.69324,0.49158,-1.4114,6.7983,4.8207,226.4025,-253.8415,-353.2317,-53.540,11.826,3.946,4.092,36.674
111880,static,3316,14746,8688,3242,-3786,-4868,0.20239,0.90002,0.53027,1.9848,8.8262,5.2002,197.6829,-230.8537,-296.8293,-57.763,14.309,-1.933,8.975,29.723
111900,static,8738,17850,8454,2531,-3119,-3482,0.53333,1.08948,0.51599,5.2301,10.6841,5.0601,154.3293,-190.1829,-212.3171,-55.740,15.933,-7.747,12.980,23.389
111920,static,13296,17974,8712,1741,-2209,-1670,0.81152,1.09705,0.53174,7.9583,10.7583,5.2146,106.1585,-134.6951,-101.8293,-48.511,16.725,-12.787,16.088,18.473
111940,static,14072,18302,10512,972,-1229,212,0.85889,1.11707,0.64160,8.4228,10.9547,6.2920,59.2683,-74.9390,12.9268,-46.177,16.628,-16.400,18.497,15.807
111960,static,12816,16946,11722,-55,-326,1643,0.78223,1.03430,0.71545,7.6710,10.1430,7.0162,-3.3537,-19.8781,100.1829,-44.295,15.344,-18.244,20.323,15.632
111980,static,11684,10638,10798,-934,426,2563,0.71313,0.64929,0.65906,6.9935,6.3674,6.4631,-56.9512,25.9756,156.2805,-33.769,13.246,-18.015,21.538,17.504
112000,static,9602,4792,10786,-1221,1069,2995,0.58606,0.29248,0.65833,5.7473,2.8683,6.4560,-74.4512,65.1829,182.6220,-18.358,11.154,-15.983,22.131,20.871
112020,static,6002,2082,13616,-1189,1473,2785,0.36633,0.12708,0.83105,3.5925,1.2462,8.1499,-72.5000,89.8171,169.8171,-7.965,9.351,-13.108,21.900,25.017
112040,static,3312,430,15690,-1302,1436,2012,0.20215,0.02625,0.95764,1.9824,0.2574,9.3913,-79.3902,87.5610,122.6829,-1.536,7.577,-10.237,20.804,28.900
112060,static,2070,-2970,16346,-1286,1077,1033,0.12634,-0.18127,0.99768,1.2390,-1.7777,9.7839,-78.4146,65.6707,62.9878,10.218,6.093,-7.646,19.317,31.659
112080,static,2018,-4696,16226,-901,610,230,0.12317,-0.28662,0.99036,1.2079,-2.8108,9.7121,-54.9390,37.1951,14.0244,16.024,5.215,-5.491,17.984,33.092
112100,static,2612,-3772,16002,-295,152,-208,0.15942,-0.23022,0.97668,1.5634,-2.2577,9.5780,-17.9878,9.2683,-12.6829,13.096,5.020,-4.112,17.114,33.485
112120,static,3230,-722,15746,186,-205,-419,0.19714,-0.04407,0.96106,1.9333,-0.4322,9.4248,11.3415,-12.5000,-25.5488,2.572,5.193,-3.677,16.787,33.290
112140,static,3944,2462,16114,322,-431,-497,0.24072,0.15027,0.98352,2.3607,1.4736,9.6450,19.6341,-26.2805,-30.3049,-8.441,5.305,-4.015,16.892,32.769
112160,static,5062,3404,15392,287,-565,-393,0.30896,0.20776,0.93945,3.0299,2.0375,9.2129,17.5000,-34.4512,-23.9634,-11.864,5.305,-4.688,17.272,32.105
112180,static,6256,3664,14540,291,-575,-179,0.38184,0.22363,0.88745,3.7445,2.1931,8.7029,17.7439,-35.0610,-10.9146,-13.033,5.286,-5.349,17.858,31.556
112200,static,6992,4246,14430,254,-475,44,0.42676,0.25916,0.88074,4.1851,2.5414,8.6371,15.4878,-28.9634,2.6829,-14.832,5.187,-5.938,18.519,31.274
112220,static,7300,4924,14414,114,-337,208,0.44556,0.30054,0.87976,4.3694,2.9473,8.6275,6.9512,-20.5488,12.6829,-16.949,4.881,-6.405,19.112,31.265
112240,static,7138,4508,14602,-82,-179,312,0.43567,0.27515,0.89124,4.2725,2.6983,8.7400,-5.0000,-10.9146,19.0244,-15.502,4.375,-6.642,19.555,31.470
112260,static,7216,4120,14700,-258,-33,344,0.44043,0.25146,0.89722,4.3191,2.4660,8.7987,-15.7317,-2.0122,20.9756,-14.122,3.697,-6.580,19.820,31.821
112280,static,7022,3370,14908,-374,97,364,0.42859,0.20569,0.90991,4.2030,2.0171,8.9232,-22.8049,5.9146,22.1951,-11.558,2.945,-6.270,19.908,32.238
112300,static,6734,3320,15394,-437,165,398,0.41101,0.20264,0.93958,4.0306,1.9872,9.2141,-26.6463,10.0610,24.2683,-11.177,2.140,-5.781,19.837,32.710
112320,static,6638,2872,15296,-505,186,441,0.40515,0.17529,0.93359,3.9732,1.7190,9.1554,-30.7927,11.3415,26.8902,-9.773,1.298,-5.196,19.674,33.236
112340,static,6596,1144,15710,-577,135,227,0.40259,0.06982,0.95886,3.9480,0.6847,9.4032,-35.1829,8.2317,13.8415,-3.841,0.506,-4.509,19.483,33.785
112360,static,7886,32,14576,-461,94,-37,0.48132,0.00195,0.88965,4.7202,0.0192,8.7245,-28.1098,5.7317,-2.2561,-0.111,-0.057,-3.780,19.335,34.054
112380,static,7660,1498,14456,-274,209,-68,0.46753,0.09143,0.88232,4.5849,0.8966,8.6526,-16.7073,12.7439,-4.1463,-5.232,-0.488,-3.264,19.256,34.037
112400,static,7072,3288,14694,-260,357,15,0.43164,0.20068,0.89685,4.2329,1.9680,8.7951,-15.8537,21.7683,0.9146,-11.400,-1.017,-3.026,19.037,33.984
112420,static,6136,3908,15344,-415,463,83,0.37451,0.23853,0.93652,3.6727,2.3391,9.1842,-25.3049,28.2317,5.0610,-13.305,-1.759,-2.826,18.624,34.019
112440,static,5904,2654,15534,-658,508,98,0.36035,0.16199,0.94812,3.5338,1.5886