86080,static,816,-9900,12490,-68,-24,2,0.04980,-0.60425,0.76233,0.4884,-5.9256,7.4759,-4.1463,-1.4634,0.1220,38.342,14.707,40.263,0.811,4.642
86100,static,808,-10070,12506,-76,-26,0,0.04932,-0.61462,0.76331,0.4836,-6.0274,7.4855,-4.6341,-1.5854,0.0000,38.783,15.098,40.239,0.811,4.642
86120,static,838,-10032,12464,-72,-25,0,0.05115,-0.61230,0.76074,0.5016,-6.0047,7.4603,-4.3902,-1.5244,0.0000,38.767,15.485,40.234,0.815,4.642
86140,static,888,-9996,12568,-70,-24,0,0.05420,-0.61011,0.76709,0.5315,-5.9831,7.5226,-4.2683,-1.4634,0.0000,38.428,15.860,40.230,0.821,4.642
86160,static,840,-10090,12584,-72,-24,2,0.05127,-0.61584,0.76807,0.5028,-6.0394,7.5322,-4.3902,-1.4634,0.1220,38.661,16.230,40.219,0.825,4.641
86180,static,852,-10146,12448,-64,-25,1,0.05200,-0.61926,0.75977,0.5100,-6.0729,7.4508,-3.9024,-1.5244,0.0610,39.117,16.611,40.211,0.827,4.642
86200,static,864,-9968,12594,-64,-24,2,0.05273,-0.60840,0.76868,0.5171,-5.9664,7.5381,-3.9024,-1.4634,0.1220,38.296,16.968,40.205,0.831,4.643
86220,static,856,-9914,12520,-75,-25,1,0.05225,-0.60510,0.76416,0.5124,-5.9340,7.4939,-4.5732,-1.5244,0.0610,38.309,17.306,40.188,0.834,4.644
86240,static,822,-10062,12558,-80,-25,1,0.05017,-0.61414,0.76648,0.4920,-6.0226,7.5166,-4.8780,-1.5244,0.0610,38.643,17.637,40.180,0.835,4.645
86260,static,818,-10030,12616,-71,-25,0,0.04993,-0.61218,0.77002,0.4896,-6.0035,7.5513,-4.3293,-1.5244,0.0000,38.427,17.968,40.182,0.837,4.646
86280,static,814,-9684,12518,-88,-25,2,0.04968,-0.59106,0.76404,0.4872,-5.7964,7.4927,-5.3659,-1.5244,0.1220,37.667,18.257,40.180,0.839,4.646
86300,static,848,-9852,12546,-113,-26,1,0.05176,-0.60132,0.76575,0.5076,-5.8969,7.5094,-6.8902,-1.5854,0.0610,38.078,18.518,40.181,0.843,4.647
86320,static,864,-10164,12494,-116,-26,3,0.05273,-0.62036,0.76257,0.5171,-6.0837,7.4783,-7.0732,-1.5854,0.1829,39.062,18.790,40.207,0.847,4.649
86340,static,838,-10150,12492,-108,-26,2,0.05115,-0.61951,0.76245,0.5016,-6.0753,7.4771,-6.5854,-1.5854,0.1220,39.032,19.066,40.259,0.850,4.653
86360,static,904,-10066,12486,-113,-25,2,0.05518,-0.61438,0.76209,0.5411,-6.0250,7.4735,-6.8902,-1.5244,0.1220,38.802,19.326,40.305,0.852,4.655
86380,static,948,-9928,12384,-137,-28,3,0.05786,-0.60596,0.75586,0.5674,-5.9424,7.4124,-8.3537,-1.7073,0.1829,38.637,19.548,40.345,0.857,4.656
86400,static,860,-10346,12434,-144,-30,1,0.05249,-0.63147,0.75891,0.5148,-6.1926,7.4424,-8.7805,-1.8293,0.0610,39.696,19.779,40.403,0.862,4.658
86420,static,808,-10284,12352,-134,-27,0,0.04932,-0.62769,0.75391,0.4836,-6.1555,7.3933,-8.1707,-1.6463,0.0000,39.720,20.018,40.486,0.866,4.661
86440,static,906,-10378,12302,-117,-26,0,0.05530,-0.63342,0.75085,0.5423,-6.2118,7.3634,-7.1341,-1.5854,0.0000,40.075,20.279,40.566,0.871,4.663
86460,static,922,-10536,12336,-95,-27,1,0.05627,-0.64307,0.75293,0.5519,-6.3063,7.3837,-5.7927,-1.6463,0.0610,40.421,20.568,40.630,0.878,4.666
86480,static,882,-10560,12274,-70,-24,-1,0.05383,-0.64453,0.74915,0.5279,-6.3207,7.3466,-4.2683,-1.4634,-0.0610,40.634,20.886,40.670,0.882,4.668
86500,static,930,-10490,12334,-39,-22,0,0.05676,-0.64026,0.75281,0.5567,-6.2788,7.3825,-2.3780,-1.3415,0.0000,40.301,21.228,40.681,0.885,4.668
86520,static,840,-10134,12402,-20,-22,-1,0.05127,-0.61853,0.75696,0.5028,-6.0657,7.4232,-1.2195,-1.3415,-0.0610,39.189,21.563,40.661,0.888,4.666
86540,static,864,-9782,12556,-37,-23,-1,0.05273,-0.59705,0.76636,0.5171,-5.8550,7.5154,-2.2561,-1.4024,-0.0610,37.855,21.845,40.602,0.889,4.662
86560,static,802,-10014,12522,-56,-25,-1,0.04895,-0.61121,0.76428,0.4800,-5.9939,7.4950,-3.4146,-1.5244,-0.0610,38.593,22.113,40.538,0.890,4.659
86580,static,868,-10060,12404,-63,-24,-2,0.05298,-0.61401,0.75708,0.5195,-6.0214,7.4244,-3.8415,-1.4634,-0.1220,38.975,22.375,40.501,0.893,4.657
86600,static,782,-10026,12476,-67,-23,-1,0.04773,-0.61194,0.76147,0.4681,-6.0011,7.4675,-4.0854,-1.4024,-0.0610,38.731,22.622,40.484,0.896,4.656
86620,static,840,-10026,12478,-77,-25,1,0.05127,-0.61194,0.76160,0.5028,-6.0011,7.4687,-4.6951,-1.5244,0.0610,38.718,22.852,40.473,0.897,4.654
86640,static,876,-10048,12402,-89,-25,1,0.05347,-0.61328,0.75696,0.5243,-6.0142,7.4232,-5.4268,-1.5244,0.0610,38.944,23.067,40.468,0.899,4.654
86660,static,902,-9962,12454,-99,-26,1,0.05505,-0.60803,0.76013,0.5399,-5.9628,7.4543,-6.0366,-1.5854,0.0610,38.583,23.259,40.476,0.903,4.655
86680,static,766,-10018,12446,-110,-24,3,0.04675,-0.61145,0.75964,0.4585,-5.9963,7.4496,-6.7073,-1.4634,0.1829,38.778,23.438,40.497,0.906,4.656
86700,static,888,-10048,12406,-125,-28,2,0.05420,-0.61328,0.75720,0.5315,-6.0142,7.4256,-7.6220,-1.7073,0.1220,38.933,23.598,40.532,0.906,4.658
86720,static,846,-10316,12360,-126,-27,3,0.05164,-0.62964,0.75439,0.5064,-6.1746,7.3981,-7.6829,-1.6463,0.1829,39.783,23.772,40.582,0.908,4.663
86740,static,902,-10482,12264,-113,-27,1,0.05505,-0.63977,0.74854,0.5399,-6.2740,7.3406,-6.8902,-1.6463,0.0610,40.444,23.970,40.647,0.908,4.667
86760,static,892,-10406,12360,-106,-27,2,0.05444,-0.63513,0.75439,0.5339,-6.2285,7.3981,-6.4634,-1.6463,0.1220,40.021,24.164,40.704,0.914,4.668
86780,static,914,-10276,12332,-95,-24,-1,0.05579,-0.62720,0.75269,0.5471,-6.1507,7.3813,-5.7927,-1.4634,-0.0610,39.727,24.362,40.749,0.917,4.670
86800,static,832,-10272,12438,-87,-24,1,0.05078,-0.62695,0.75916,0.4980,-6.1483,7.4448,-5.3049,-1.4634,0.0610,39.489,24.561,40.783,0.921,4.671
86820,static,810,-10210,12334,-86,-23,2,0.04944,-0.62317,0.75281,0.4848,-6.1112,7.3825,-5.2439,-1.4024,0.1220,39.557,24.758,40.801,0.923,4.673
86840,static,792,-10124,12378,-91,-25,3,0.04834,-0.61792,0.75549,0.4741,-6.0597,7.4089,-5.5488,-1.5244,0.1829,39.222,24.938,40.815,0.923,4.673
86860,static,852,-10042,12452,-104,-24,3,0.05200,-0.61292,0.76001,0.5100,-6.0106,7.4532,-6.3415,-1.4634,0.1829,38.819,25.092,40.831,0.923,4.674
86880,static,760,-9930,12414,-122,-24,0,0.04639,-0.60608,0.75769,0.4549,-5.9436,7.4304,-7.4390,-1.4634,0.0000,38.604,25.216,40.856,0.924,4.675
86900,static,782,-10298,12294,-133,-27,-1,0.04773,-0.62854,0.75037,0.4681,-6.1639,7.3586,-8.1098,-1.6463,-0.0610,39.894,25.351,40.900,0.924,4.676
86920,static,912,-10556,12270,-121,-28,0,0.05566,-0.64429,0.74890,0.5459,-6.3183,7.3442,-7.3780,-1.7073,0.0000,40.628,25.512,40.968,0.926,4.676
86940,static,894,-10456,12302,-104,-25,1,0.05457,-0.63818,0.75085,0.5351,-6.2584,7.3634,-6.3415,-1.5244,0.0610,40.288,25.683,41.038,0.930,4.678
86960,static,906,-10354,12338,-98,-27,1,0.05530,-0.63196,0.75305,0.5423,-6.1974,7.3849,-5.9756,-1.6463,0.0610,39.927,25.851,41.087,0.935,4.679
86980,static,874,-10376,12320,-94,-25,2,0.05334,-0.63330,0.75195,0.5231,-6.2106,7.3741,-5.7317,-1.5244,0.1220,40.034,26.022,41.120,0.939,4.681
87000,static,800,-10330,12286,-90,-24,1,0.04883,-0.63049,0.74988,0.4788,-6.1830,7.3538,-5.4878,-1.4634,0.0610,39.997,26.194,41.150,0.941,4.682
87020,static,828,-10246,12330,-88,-27,1,0.05054,-0.62537,0.75256,0.4956,-6.1327,7.3801,-5.3659,-1.6463,0.0610,39.663,26.358,41.172,0.941,4.683
87040,static,872,-10312,12246,-90,-26,0,0.05322,-0.62939,0.74744,0.5219,-6.1723,7.3298,-5.4878,-1.5854,0.0000,40.028,26.524,41.188,0.944,4.685
87060,static,898,-10344,12180,-89,-25,1,0.05481,-0.63135,0.74341,0.5375,-6.1914,7.2903,-5.4268,-1.5244,0.0610,40.263,26.692,41.208,0.947,4.686
87080,static,854,-10324,12234,-87,-26,1,0.05212,-0.63013,0.74670,0.5112,-6.1794,7.3227,-5.3049,-1.5854,0.0610,40.092,26.856,41.227,0.952,4.688
87100,static,830,-10412,12332,-87,-25,2,0.05066,-0.63550,0.75269,0.4968,-6.2321,7.3813,-5.3049,-1.5244,0.1220,40.111,27.017,41.243,0.953,4.689
87120,static,842,-10410,12260,-83,-25,0,0.05139,-0.63538,0.74829,0.5040,-6.2309,7.3382,-5.0610,-1.5244,0.0000,40.268,27.183,41.260,0.955,4.689
87140,static,932,-10356,12294,-81,-25,0,0.05688,-0.63208,0.75037,0.5578,-6.1986,7.3586,-4.9390,-1.5244,0.0000,40.029,27.343,41.273,0.955,4.690
87160,static,922,-10446,12276,-75,-25,1,0.05627,-0.63757,0.74927,0.5519,-6.2525,7.3478,-4.5732,-1.5244,0.0610,40.316,27.513,41.283,0.957,4.689
87180,static,948,-10410,12306,-68,-25,2,0.05786,-0.63538,0.75110,0.5674,-6.2309,7.3658,-4.1463,-1.5244,0.1220,40.145,27.685,41.291,0.961,4.690
87200,static,836,-10366,12218,-66,-26,1,0.05103,-0.63269,0.74573,0.5004,-6.2046,7.3131,-4.0244,-1.5854,0.0610,40.246,27.857,41.290,0.963,4.691
87220,static,844,-10472,12142,-61,-26,-1,0.05151,-0.63916,0.74109,0.5052,-6.2680,7.2676,-3.7195,-1.5854,-0.0610,40.708,28.041,41.281,0.964,4.691
87240,static,830,-10516,12248,-45,-24,0,0.05066,-0.64185,0.74756,0.4968,-6.2944,7.3310,-2.7439,-1.4634,0.0000,40.584,28.238,41.271,0.966,4.691
87260,static,840,-10386,12286,-32,-24,-2,0.05127,-0.63391,0.74988,0.5028,-6.2165,7.3538,-1.9512,-1.4634,-0.1220,40.144,28.438,41.246,0.967,4.690
87280,static,860,-10316,12310,-28,-23,-1,0.05249,-0.62964,0.75134,0.5148,-6.1746,7.3682,-1.7073,-1.4024,-0.0610,39.895,28.634,41.205,0.969,4.689
87300,static,862,-10344,12316,-29,-22,-1,0.05261,-0.63135,0.75171,0.5160,-6.1914,7.3717,-1.7683,-1.3415,-0.0610,39.957,28.825,41.150,0.969,4.687
87320,static,842,-10304,12302,-26,-23,-2,0.05139,-0.62891,0.75085,0.5040,-6.1675,7.3634,-1.5854,-1.4024,-0.1220,39.883,29.016,41.096,0.969,4.684
87340,static,808,-10240,12352,-24,-22,-1,0.04932,-0.62500,0.75391,0.4836,-6.1292,7.3933,-1.4634,-1.3415,-0.0610,39.599,29.199,41.038,0.969,4.681
87360,static,878,-10188,12280,-26,-22,0,0.05359,-0.62183,0.74951,0.5255,-6.0980,7.3502,-1.5854,-1.3415,0.0000,39.609,29.376,40.977,0.971,4.679
87380,static,952,-10072,12444,-37,-25,0,0.05811,-0.61475,0.75952,0.5698,-6.0286,7.4484,-2.2561,-1.5244,0.0000,38.904,29.522,40.917,0.973,4.676
87400,static,920,-10106,12344,-49,-25,0,0.05615,-0.61682,0.75342,0.5507,-6.0490,7.3885,-2.9878,-1.5244,0.0000,39.229,29.658,40.862,0.974,4.676
87420,static,828,-10318,12334,-55,-25,0,0.05054,-0.62976,0.75281,0.4956,-6.1758,7.3825,-3.3537,-1.5244,0.0000,39.851,29.796,40.822,0.974,4.675
87440,static,884,-10252,12320,-51,-25,1,0.05396,-0.62573,0.75195,0.5291,-6.1363,7.3741,-3.1098,-1.5244,0.0610,39.693,29.933,40.801,0.976,4.674
87460,static,846,-10274,12336,-47,-26,0,0.05164,-0.62708,0.75293,0.5064,-6.1495,7.3837,-2.8659,-1.5854,0.0000,39.723,30.072,40.777,0.977,4.673
87480,static,860,-10342,12322,-40,-24,0,0.05249,-0.63123,0.75208,0.5148,-6.1902,7.3753,-2.4390,-1.4634,0.0000,39.939,30.222,40.747,0.980,4.673
87500,static,834,-10512,12312,-23,-25,0,0.05090,-0.64160,0.75146,0.4992,-6.2920,7.3694,-1.4024,-1.5244,0.0000,40.426,30.398,40.713,0.980,4.673
87520,static,896,-10552,12300,6,-23,0,0.05469,-0.64404,0.75073,0.5363,-6.3159,7.3622,0.3659,-1.4024,0.0000,40.551,30.609,40.667,0.981,4.672
87540,static,868,-10390,12302,33,-21,1,0.05298,-0.63416,0.75085,0.5195,-6.2189,7.3634,2.0122,-1.2805,0.0610,40.114,30.838,40.595,0.981,4.671
87560,static,880,-10292,12380,48,-20,-1,0.05371,-0.62817,0.75562,0.5267,-6.1603,7.4101,2.9268,-1.2195,-0.0610,39.667,31.072,40.482,0.979,4.669
87580,static,886,-10174,12442,60,-21,0,0.05408,-0.62097,0.75940,0.5303,-6.0897,7.4472,3.6585,-1.2805,0.0000,39.202,31.307,40.342,0.978,4.665
87600,static,850,-10192,12404,73,-22,0,0.05188,-0.62207,0.75708,0.5088,-6.1004,7.4244,4.4512,-1.3415,0.0000,39.343,31.554,40.187,0.977,4.661
87620,static,872,-10396,12484,94,-20,0,0.05322,-0.63452,0.76196,0.5219,-6.2225,7.4723,5.7317,-1.2195,0.0000,39.717,31.830,40.018,0.974,4.658
87640,static,876,-10084,12536,115,-20,0,0.05347,-0.61548,0.76514,0.5243,-6.0358,7.5034,7.0122,-1.2195,0.0000,38.745,32.106,39.831,0.972,4.654
87660,static,828,-10162,12498,132,-20,0,0.05054,-0.62024,0.76282,0.4956,-6.0825,7.4807,8.0488,-1.2195,0.0000,39.053,32.403,39.613,0.970,4.650
87680,static,840,-9838,12746,145,-19,1,0.05127,-0.60046,0.77795,0.5028,-5.8885,7.6291,8.8415,-1.1585,0.0610,37.603,32.680,39.374,0.967,4.646
87700,static,812,-9768,12722,138,-18,1,0.04956,-0.59619,0.77649,0.4860,-5.8466,7.6148,8.4146,-1.0976,0.0610,37.461,32.940,39.112,0.962,4.642
87720,static,828,-9924,12698,141,-18,0,0.05054,-0.60571,0.77502,0.4956,-5.9400,7.6004,8.5976,-1.0976,0.0000,37.950,33.209,38.848,0.956,4.637
87740,static,820,-9800,12784,158,-16,1,0.05005,-0.59814,0.78027,0.4908,-5.8658,7.6519,9.6341,-0.9756,0.0610,37.416,33.482,38.592,0.950,4.632
87760,static,800,-9732,12842,171,-17,1,0.04883,-0.59399,0.78381,0.4788,-5.8251,7.6866,10.4268,-1.0366,0.0610,37.102,33.759,38.322,0.941,4.626
87780,static,890,-9534,12816,179,-17,1,0.05432,-0.58191,0.78223,0.5327,-5.7066,7.6710,10.9146,-1.0366,0.0610,36.580,34.029,38.032,0.934,4.621
87800,static,848,-9586,12926,183,-15,2,0.05176,-0.58508,0.78894,0.5076,-5.7377,7.7369,11.1585,-0.9146,0.1220,36.502,34.297,37.729,0.927,4.615
87820,static,784,-9634,12876,198,-15,-1,0.04785,-0.58801,0.78589,0.4693,-5.7664,7.7069,12.0732,-0.9146,-0.0610,36.754,34.583,37.420,0.918,4.609
87840,static,802,-9578,12970,221,-15,1,0.04895,-0.58459,0.79163,0.4800,-5.7329,7.7632,13.4756,-0.9146,0.0610,36.393,34.883,37.102,0.909,4.601
87860,static,842,-9426,12986,238,-14,2,0.05139,-0.57532,0.79260,0.5040,-5.6419,7.7728,14.5122,-0.8537,0.1220,35.917,35.189,36.761,0.901,4.595
87880,static,874,-9272,13180,249,-15,1,0.05334,-0.56592,0.80444,0.5231,-5.5498,7.8889,15.1829,-0.9146,0.0610,35.067,35.484,36.395,0.891,4.590
87900,static,818,-9272,13208,265,-13,-1,0.04993,-0.56592,0.80615,0.4896,-5.5498,7.9057,16.1585,-0.7927,-0.0610,35.017,35.791,36.008,0.884,4.584
87920,static,822,-9068,13266,280,-13,0,0.05017,-0.55347,0.80969,0.4920,-5.4277,7.9404,17.0732,-0.7927,0.0000,34.304,36.096,35.609,0.874,4.575
87940,static,876,-9060,13266,292,-13,1,0.05347,-0.55298,0.80969,0.5243,-5.4229,7.9404,17.8049,-0.7927,0.0610,34.273,36.408,35.191,0.863,4.567
87960,static,856,-9146,13320,317,-11,2,0.05225,-0.55823,0.81299,0.5124,-5.4743,7.9727,19.3293,-0.6707,0.1220,34.420,36.748,34.755,0.853,4.559
87980,static,788,-9386,13290,367,-11,2,0.04810,-0.57288,0.81116,0.4717,-5.6180,7.9547,22.3781,-0.6707,0.1220,35.184,37.155,34.303,0.841,4.551
88000,static,858,-9464,13280,443,-9,2,0.05237,-0.57764,0.81055,0.5136,-5.6647,7.9487,27.0122,-0.5488,0.1220,35.419,37.650,33.807,0.827,4.543
88020,static,820,-9282,13360,527,-3,3,0.05005,-0.56653,0.81543,0.4908,-5.5557,7.9966,32.1341,-0.1829,0.1829,34.740,38.221,33.238,0.810,4.535
88040,static,816,-9144,13572,614,-1,1,0.04980,-0.55811,0.82837,0.4884,-5.4731,8.1235,37.4390,-0.0610,0.0610,33.922,38.869,32.570,0.791,4.525
88060,static,772,-9000,13550,703,2,3,0.04712,-0.54932,0.82703,0.4621,-5.3870,8.1104,42.8659,0.1220,0.1829,33.550,39.603,31.798,0.769,4.512
88080,static,802,-8708,13646,803,6,-1,0.04895,-0.53149,0.83289,0.4800,-5.2122,8.1678,48.9634,0.3659,-0.0610,32.499,40.420,30.920,0.743,4.497
88100,static,720,-8312,13716,903,9,1,0.04395,-0.50732,0.83716,0.4310,-4.9752,8.2097,55.0610,0.5488,0.0610,31.181,41.315,29.925,0.713,4.477
88120,static,796,-7780,14022,984,10,-3,0.04858,-0.47485,0.85584,0.4764,-4.6567,8.3929,60.0000,0.6098,-0.1829,28.984,42.244,28.811,0.677,4.457
88140,static,624,-7448,14134,1063,9,3,0.03809,-0.45459,0.86267,0.3735,-4.4580,8.4599,64.8171,0.5488,0.1829,27.764,43.225,27.580,0.643,4.437
88160,static,932,-7168,14184,1142,8,2,0.05688,-0.43750,0.86572,0.5578,-4.2904,8.4898,69.6342,0.4878,0.1220,26.760,44.261,26.254,0.604,4.421
88180,static,670,-6676,14378,1225,18,1,0.04089,-0.40747,0.87756,0.4010,-3.9959,8.6060,74.6951,1.0976,0.0610,24.883,45.337,24.835,0.569,4.405
88200,static,778,-6286,14400,1306,18,1,0.04749,-0.38367,0.87891,0.4657,-3.7625,8.6191,79.6342,1.0976,0.0610,23.552,46.462,23.317,0.530,4.386
88220,static,728,-5300,14654,1372,21,5,0.04443,-0.32349,0.89441,0.4357,-3.1723,8.7712,83.6585,1.2805,0.3049,19.861,47.570,21.699,0.478,4.366
88240,static,652,-4866,14686,1390,17,34,0.03979,-0.29700,0.89636,0.3903,-2.9125,8.7903,84.7561,1.0366,2.0732,18.315,48.646,19.977,0.431,4.349
88260,static,1156,-4940,15342,1353,23,1,0.07056,-0.30151,0.93640,0.6919,-2.9568,9.1830,82.5000,1.4024,0.0610,17.801,49.646,18.247,0.367,4.350
88280,static,-26,-4452,14826,1444,21,6,-0.00159,-0.27173,0.90491,-0.0156,-2.6647,8.8741,88.0488,1.2805,0.3659,16.714,50.713,16.553,0.307,4.326
88300,static,1134,-4560,14800,1596,28,-3,0.06921,-0.27832,0.90332,0.6788,-2.7294,8.8585,97.3171,1.7073,-0.1829,17.077,51.948,14.795,0.239,4.309
88320,static,412,-3098,15232,1698,26,1,0.02515,-0.18909,0.92969,0.2466,-1.8543,9.1171,103.5366,1.5854,0.0610,11.492,53.168,12.860,0.192,4.294
88340,static,1166,-2122,15058,1738,41,-3,0.07117,-0.12952,0.91907,0.6979,-1.2701,9.0130,105.9756,2.5000,-0.1829,7.998,54.342,10.748,0.133,4.286
88360,static,202,-2200,15252,1785,31,-3,0.01233,-0.13428,0.93091,0.1209,-1.3168,9.1291,108.8415,1.8902,-0.1829,8.207,55.552,8.571,0.072,4.274
88380,static,584,-1066,15066,1856,39,-9,0.03564,-0.06506,0.91956,0.3496,-0.6381,9.0178,113.1707,2.3780,-0.5488,4.044,56.740,6.329,-0.004,4.265
88400,static,664,-412,15192,1915,47,-7,0.04053,-0.02515,0.92725,0.3974,-0.2466,9.0932,116.7683,2.8659,-0.4268,1.552,57.925,4.010,-0.071,4.256
88420,static,432,112,15048,2007,48,3,0.02637,0.00684,0.91846,0.2586,0.0670,9.0070,122.3781,2.9268,0.1829,-0.426,59.157,1.619,-0.155,4.249
88440,static,606,1996,14748,2113,50,79,0.03699,0.12183,0.90015,0.3627,1.1947,8.8274,128.8415,3.0488,4.8171,-7.701,60.345,-0.870,-0.238,4.251
88460,static,6,2044,15722,1987,47,-32,0.00037,0.12476,0.95959,0.0036,1.2234,9.4104,121.1585,2.8659,-1.9512,-7.407,61.365,-3.522,-0.320,4.328
88480,static,-192,3584,15082,1942,34,-19,-0.01172,0.21875,0.92053,-0.1149,2.1452,9.0273,118.4146,2.0732,-1.1585,-13.366,62.191,-6.162,-0.402,4.379
88500,static,586,4716,14838,1898,39,1,0.03577,0.28784,0.90564,0.3508,2.8228,8.8813,115.7317,2.3780,0.0610,-17.619,62.863,-8.694,-0.484,4.406
88520,static,-312,10666,15284,1725,31,12,-0.01904,0.65100,0.93286,-0.1867,6.3841,9.1482,105.1829,1.8902,0.7317,-34.904,62.969,-11.164,-0.551,4.433
88540,static,608,6748,14658,1548,32,-7,0.03711,0.41187,0.89465,0.3639,4.0390,8.7736,94.3902,1.9512,-0.4268,-24.701,63.066,-13.562,-0.628,4.458
88560,static,-106,7820,14440,1386,18,-1,-0.00647,0.47729,0.88135,-0.0634,4.6807,8.6431,84.5122,1.0976,-0.0610,-28.437,62.892,-15.734,-0.693,4.469
88580,static,598,6968,14348,1261,25,2,0.03650,0.42529,0.87573,0.3579,4.1707,8.5880,76.8902,1.5244,0.1220,-25.884,62.624,-17.634,-0.762,4.486
88600,static,30,6324,14154,1233,14,0,0.00183,0.38599,0.86389,0.0180,3.7852,8.4719,75.1829,0.8537,0.0000,-24.075,62.364,-19.361,-0.802,4.508
88620,static,192,6182,13866,1296,2,-41,0.01172,0.37732,0.84631,0.1149,3.7002,8.2995,79.0244,0.1220,-2.5000,-24.027,62.185,-20.964,-0.863,4.525
88640,static,160,6714,13706,1358,-12,-68,0.00977,0.40979,0.83655,0.0958,4.0187,8.2037,82.8049,-0.7317,-4.1463,-26.097,62.042,-22.600,-0.914,4.494
88660,static,874,8702,13534,1356,-6,-56,0.05334,0.53113,0.82605,0.5231,5.2086,8.1008,82.6829,-0.3659,-3.4146,-32.686,61.768,-24.320,-0.970,4.428
88680,static,472,8314,13118,1270,32,12,0.02881,0.50745,0.80066,0.2825,4.9763,7.8518,77.4390,1.9512,0.7317,-32.349,61.403,-26.106,-0.994,4.378
88700,static,190,9134,12968,1247,19,9,0.01160,0.55750,0.79150,0.1137,5.4672,7.7620,76.0366,1.1585,0.5488,-35.156,60.963,-27.781,-1.027,4.420
88720,static,200,10262,12830,1166,17,4,0.01221,0.62634,0.78308,0.1197,6.1423,7.6794,71.0976,1.0366,0.2439,-38.651,60.364,-29.423,-1.084,4.451
88740,static,192,10794,12534,1031,6,-12,0.01172,0.65881,0.76501,0.1149,6.4608,7.5022,62.8659,0.3659,-0.7317,-40.731,59.574,-31.014,-1.124,4.480
88760,static,172,10660,12456,920,-2,-13,0.01050,0.65063,0.76025,0.1030,6.3805,7.4555,56.0976,-0.1220,-0.7927,-40.555,58.671,-32.467,-1.164,4.493
88780,static,360,11018,12312,829,-4,-6,0.02197,0.67249,0.75146,0.2155,6.5948,7.3694,50.5488,-0.2439,-0.3659,-41.813,57.652,-33.756,-1.199,4.499
88800,static,206,11564,12102,711,-4,-3,0.01257,0.70581,0.73865,0.1233,6.9216,7.2437,43.3537,-0.2439,-0.1829,-43.694,56.475,-34.932,-1.220,4.505
88820,static,350,11810,11952,588,-5,0,0.02136,0.72083,0.72949,0.2095,7.0689,7.1539,35.8537,-0.3049,0.0000,-44.645,55.155,-35.979,-1.243,4.516
88840,static,214,12542,11878,428,-11,-3,0.01306,0.76550,0.72498,0.1281,7.5070,7.1096,26.0976,-0.6707,-0.1829,-46.553,53.633,-36.876,-1.255,4.530
88860,static,334,12332,11790,254,-15,-3,0.02039,0.75269,0.71960,0.1999,7.3813,7.0569,15.4878,-0.9146,-0.1829,-46.276,51.938,-37.603,-1.270,4.540
88880,static,278,11580,11816,150,-17,-4,0.01697,0.70679,0.72119,0.1664,6.9312,7.0725,9.1463,-1.0366,-0.2439,-44.414,50.190,-38.110,-1.275,4.545
88900,static,196,11236,11760,97,-13,1,0.01196,0.68579,0.71777,0.1173,6.7253,7.0390,5.9146,-0.7927,0.0610,-43.691,48.429,-38.442,-1.280,4.547
88920,static,206,11330,11774,49,-19,0,0.01257,0.69153,0.71863,0.1233,6.7816,7.0473,2.9878,-1.1585,0.0000,-43.895,46.641,-38.682,-1.288,4.556
88940,static,316,11128,11774,12,-22,2,0.01929,0.67920,0.71863,0.1891,6.6607,7.0473,0.7317,-1.3415,0.1220,-43.374,44.855,-38.863,-1.295,4.561
88960,static,254,10822,11720,6,-23,1,0.01550,0.66052,0.71533,0.1520,6.4775,7.0150,0.3659,-1.4024,0.0610,-42.712,43.111,-38.985,-1.293,4.565
88980,static,290,10832,11656,3,-21,1,0.01770,0.66113,0.71143,0.1736,6.4835,6.9767,0.1829,-1.2805,0.0610,-42.893,41.394,-39.083,-1.293,4.567
89000,static,206,10974,11660,0,-20,1,0.01257,0.66980,0.71167,0.1233,6.5685,6.9791,0.0000,-1.2195,0.0610,-43.260,39.701,-39.179,-1.290,4.570
89020,static,266,11290,11670,-25,-21,1,0.01624,0.68909,0.71228,0.1592,6.7576,6.9851,-1.5244,-1.2805,0.0610,-44.044,37.996,-39.272,-1.292,4.573
89040,static,198,11234,11672,-59,-24,-1,0.01208,0.68567,0.71240,0.1185,6.7241,6.9863,-3.5976,-1.4634,-0.0610,-43.900,36.288,-39.351,-1.292,4.576
89060,static,298,10952,11706,-70,-25,1,0.01819,0.66846,0.71448,0.1784,6.5553,7.0066,-4.2683,-1.5244,0.0610,-43.085,34.617,-39.386,-1.291,4.576
89080,static,134,11592,11694,-107,-28,-4,0.00818,0.70752,0.71375,0.0802,6.9384,6.9994,-6.5244,-1.7073,-0.2439,-44.747,32.901,-39.391,-1.287,4.576
89100,static,350,11054,11566,-142,-29,-1,0.02136,0.67468,0.70593,0.2095,6.6164,6.9228,-8.6585,-1.7683,-0.0610,-43.690,31.200,-39.378,-1.284,4.574
89120,static,194,10996,11674,-157,-27,-1,0.01184,0.67114,0.71252,0.1161,6.5817,6.9875,-9.5732,-1.6463,-0.0610,-43.283,29.523,-39.309,-1.277,4.570
89140,static,232,11038,11654,-175,-27,1,0.01416,0.67371,0.71130,0.1389,6.6068,6.9755,-10.6707,-1.6463,0.0610,-43.439,27.854,-39.215,-1.272,4.568
89160,static,190,11302,11738,-215,-28,-1,0.01160,0.68982,0.71643,0.1137,6.7648,7.0258,-13.1098,-1.7073,-0.0610,-43.912,26.162,-39.102,-1.266,4.567
89180,static,328,11012,11752,-256,-29,0,0.02002,0.67212,0.71729,0.1963,6.5912,7.0342,-15.6098,-1.7683,0.0000,-43.127,24.470,-38.954,-1.264,4.565
89200,static,238,10544,11848,-254,-29,1,0.01453,0.64355,0.72314,0.1425,6.3111,7.0916,-15.4878,-1.7683,0.0610,-41.661,22.844,-38.751,-1.255,4.560
89220,static,318,10222,11878,-223,-29,1,0.01941,0.62390,0.72498,0.1903,6.1184,7.1096,-13.5976,-1.7683,0.0610,-40.705,21.307,-38.522,-1.247,4.556
89240,static,238,9954,11862,-178,-29,0,0.01453,0.60754,0.72400,0.1425,5.9580,7.1000,-10.8537,-1.7683,0.0000,-39.996,19.868,-38.313,-1.238,4.552
89260,static,256,9952,11944,-121,-25,2,0.01563,0.60742,0.72900,0.1532,5.9568,7.1491,-7.3780,-1.5244,0.1220,-39.795,18.530,-38.149,-1.232,4.549
89280,static,262,10026,11912,-69,-23,-3,0.01599,0.61194,0.72705,0.1568,6.0011,7.1299,-4.2073,-1.4024,-0.1829,-40.080,17.275,-38.052,-1.227,4.548
89300,static,22,9838,11992,-17,-26,5,0.00134,0.60046,0.73193,0.0132,5.8885,7.1778,-1.0366,-1.5854,0.3049,-39.365,16.122,-38.024,-1.230,4.545
89320,static,114,9936,12026,5,-18,-3,0.00696,0.60645,0.73401,0.0682,5.9472,7.1982,0.3049,-1.0976,-0.1829,-39.563,15.014,-38.067,-1.226,4.547
89340,static,-52,10098,11954,41,-25,-3,-0.00317,0.61633,0.72961,-0.0311,6.0442,7.1551,2.5000,-1.5244,-0.1829,-40.189,13.959,-38.140,-1.224,4.548
89360,static,348,10314,11936,76,-21,-1,0.02124,0.62952,0.72852,0.2083,6.1734,7.1443,4.6341,-1.2805,-0.0610,-40.819,12.955,-38.255,-1.224,4.549
89380,static,214,10694,11768,94,-21,2,0.01306,0.65271,0.71826,0.1281,6.4009,7.0437,5.7317,-1.2805,0.1220,-42.258,11.963,-38.414,-1.221,4.552
89400,static,350,11230,11740,67,-20,1,0.02136,0.68542,0.71655,0.2095,6.7217,7.0270,4.0854,-1.2195,0.0610,-43.715,10.929,-38.609,-1.225,4.557
89420,static,280,11436,11720,12,-24,1,0.01709,0.69800,0.71533,0.1676,6.8450,7.0150,0.7317,-1.4634,0.0610,-44.289,9.839,-38.804,-1.223,4.561
89440,static,282,11252,11762,-33,-23,0,0.01721,0.68677,0.71790,0.1688,6.7349,7.0402,-2.0122,-1.4024,0.0000,-43.722,8.729,-38.945,-1.222,4.563
89460,static,274,11170,11670,-69,-23,1,0.01672,0.68176,0.71228,0.1640,6.6858,6.9851,-4.2073,-1.4024,0.0610,-43.738,7.597,-39.019,-1.219,4.564
89480,static,262,11086,11746,-102,-25,1,0.01599,0.67664,0.71692,0.1568,6.6355,7.0306,-6.2195,-1.5244,0.0610,-43.337,6.456,-39.046,-1.216,4.565
89500,static,166,10940,11828,-116,-27,0,0.01013,0.66772,0.72192,0.0994,6.5481,7.0797,-7.0732,-1.6463,0.0000,-42.764,5.333,-39.028,-1.216,4.566
89520,static,256,10970,11740,-133,-28,-1,0.01563,0.66956,0.71655,0.1532,6.5661,7.0270,-8.1098,-1.7073,-0.0610,-43.051,4.207,-38.979,-1.215,4.563
89540,static,214,10850,11814,-148,-29,0,0.01306,0.66223,0.72107,0.1281,6.4943,7.0713,-9.0244,-1.7683,0.0000,-42.560,3.094,-38.916,-1.211,4.560
89560,static,358,10600,11808,-146,-27,1,0.02185,0.64697,0.72070,0.2143,6.3446,7.0677,-8.9024,-1.6463,0.0610,-41.901,2.020,-38.829,-1.207,4.557
89580,static,264,10356,11800,-126,-26,0,0.01611,0.63208,0.72021,0.1580,6.1986,7.0629,-7.6829,-1.5854,0.0000,-41.264,1.004,-38.731,-1.199,4.555
89600,static,246,10344,11890,-96,-23,2,0.01501,0.63135,0.72571,0.1472,6.1914,7.1168,-5.8537,-1.4024,0.1220,-41.016,0.049,-38.647,-1.197,4.554
89620,static,262,10566,11874,-79,-25,0,0.01599,0.64490,0.72473,0.1568,6.3243,7.1072,-4.8171,-1.5244,0.0000,-41.657,-0.880,-38.596,-1.194,4.555
89640,static,288,10430,11932,-61,-23,2,0.01758,0.63660,0.72827,0.1724,6.2429,7.1419,-3.7195,-1.4024,0.1220,-41.149,-1.758,-38.577,-1.193,4.554
89660,static,250,10422,11896,-32,-23,1,0.01526,0.63611,0.72607,0.1496,6.2381,7.1204,-1.9512,-1.4024,0.0610,-41.215,-2.586,-38.573,-1.190,4.555
89680,static,306,10754,11732,-20,-24,0,0.01868,0.65637,0.71606,0.1832,6.4368,7.0222,-1.2195,-1.4634,0.0000,-42.500,-3.408,-38.602,-1.190,4.556
89700,static,328,10980,11854,-39,-25,0,0.02002,0.67017,0.72351,0.1963,6.5721,7.0952,-2.3780,-1.5244,0.0000,-42.797,-4.242,-38.661,-1.188,4.557
89720,static,356,10946,11668,-61,-26,0,0.02173,0.66809,0.71216,0.2131,6.5517,6.9839,-3.7195,-1.5854,0.0000,-43.158,-5.093,-38.713,-1.185,4.557
89740,static,116,10790,11798,-59,-24,2,0.00708,0.65857,0.72009,0.0694,6.4584,7.0617,-3.5976,-1.4634,0.1220,-42.443,-5.911,-38.737,-1.183,4.557
89760,static,604,10494,11612,-74,-25,-2,0.03687,0.64050,0.70874,0.3615,6.2812,6.9504,-4.5122,-1.5244,-0.1220,-42.066,-6.723,-38.753,-1.184,4.558
89780,static,704,11344,11974,-87,-25,0,0.04297,0.69238,0.73084,0.4214,6.7900,7.1670,-5.3049,-1.5244,0.0000,-43.403,-7.560,-38.760,-1.179,4.558
89800,static,-4,10708,12088,-75,-22,3,-0.00024,0.65356,0.73779,-0.0024,6.4093,7.2353,-4.5732,-1.3415,0.1829,-41.536,-8.329,-38.741,-1.172,4.555
89820,static,590,10690,11776,-63,-23,1,0.03601,0.65247,0.71875,0.3531,6.3985,7.0485,-3.8415,-1.4024,0.0610,-42.197,-9.082,-38.726,-1.178,4.556
89840,static,94,10598,11800,-50,-25,2,0.00574,0.64685,0.72021,0.0563,6.3434,7.0629,-3.0488,-1.5244,0.1220,-41.927,-9.799,-38.730,-1.168,4.555
89860,static,238,10686,11890,-44,-20,1,0.01453,0.65222,0.72571,0.1425,6.3961,7.1168,-2.6829,-1.2195,0.0610,-41.942,-10.494,-38.747,-1.173,4.555
89880,static,386,10704,11780,-39,-26,0,0.02356,0.65332,0.71899,0.2310,6.4069,7.0509,-2.3780,-1.5854,0.0000,-42.245,-11.176,-38.779,-1.169,4.557
89900,static,222,10696,11744,-37,-24,0,0.01355,0.65283,0.71680,0.1329,6.4021,7.0294,-2.2561,-1.4634,0.0000,-42.321,-11.843,-38.816,-1.169,4.557
89920,static,346,10928,11782,-43,-23,1,0.02112,0.66699,0.71912,0.2071,6.5410,7.0521,-2.6220,-1.4024,0.0610,-42.834,-12.514,-38.858,-1.168,4.559
89940,static,142,10808,11866,-48,-22,1,0.00867,0.65967,0.72424,0.0850,6.4691,7.1024,-2.9268,-1.3415,0.0610,-42.326,-13.168,-38.898,-1.162,4.560
89960,static,362,10858,11772,-46,-23,1,0.02209,0.66272,0.71851,0.2167,6.4991,7.0461,-2.8049,-1.4024,0.0610,-42.674,-13.813,-38.928,-1.165,4.561
89980,static,62,10766,11736,-61,-27,1,0.00378,0.65710,0.71631,0.0371,6.4440,7.0246,-3.7195,-1.6463,0.0610,-42.531,-14.460,-38.959,-1.161,4.563
90000,static,496,11136,11818,-83,-21,3,0.03027,0.67969,0.72131,0.2969,6.6655,7.0737,-5.0610,-1.2805,0.1829,-43.273,-15.135,-38.984,-1.168,4.563
90020,static,132,10800,11730,-84,-25,3,0.00806,0.65918,0.71594,0.0790,6.4643,7.0210,-5.1220,-1.5244,0.1829,-42.634,-15.786,-38.982,-1.164,4.564
90040,static,152,10876,11836,-87,-24,1,0.00928,0.66382,0.72241,0.0910,6.5098,7.0844,-5.3049,-1.4634,0.0610,-42.577,-16.426,-38.966,-1.159,4.564
90060,static,348,10760,11808,-92,-25,-1,0.02124,0.65674,0.72070,0.2083,6.4404,7.0677,-5.6098,-1.5244,-0.0610,-42.329,-17.054,-38.951,-1.161,4.564
90080,static,142,10548,11744,-80,-26,2,0.00867,0.64380,0.71680,0.0850,6.3135,7.0294,-4.8780,-1.5854,0.1220,-41.927,-17.647,-38.930,-1.154,4.566
90100,static,282,10480,11754,-64,-24,0,0.01721,0.63965,0.71741,0.1688,6.2728,7.0354,-3.9024,-1.4634,0.0000,-41.712,-18.204,-38.910,-1.155,4.567
90120,static,356,10434,11764,-28,-24,1,0.02173,0.63684,0.71802,0.2131,6.2453,7.0413,-1.7073,-1.4634,0.0610,-41.558,-18.705,-38.903,-1.155,4.565
90140,static,176,10430,11806,3,-23,1,0.01074,0.63660,0.72058,0.1053,6.2429,7.0665,0.1829,-1.4024,0.0610,-41.456,-19.156,-38.933,-1.150,4.564
90160,static,280,10564,11750,28,-21,0,0.01709,0.64478,0.71716,0.1676,6.3231,7.0330,1.7073,-1.2805,0.0000,-41.949,-19.579,-39.007,-1.152,4.566
90180,static,188,11184,11704,14,-23,2,0.01147,0.68262,0.71436,0.1125,6.6942,7.0054,0.8537,-1.4024,0.1220,-43.695,-20.044,-39.114,-1.150,4.568
90200,static,168,11248,11698,-27,-26,-1,0.01025,0.68652,0.71399,0.1006,6.7325,7.0018,-1.6463,-1.5854,-0.0610,-43.874,-20.553,-39.237,-1.150,4.572
90220,static,300,11122,11760,-55,-26,-1,0.01831,0.67883,0.71777,0.1796,6.6571,7.0390,-3.3537,-1.5854,-0.0610,-43.394,-21.076,-39.317,-1.146,4.572
90240,static,276,11058,11642,-75,-26,-2,0.01685,0.67493,0.71057,0.1652,6.6188,6.9683,-4.5732,-1.5854,-0.1220,-43.518,-21.614,-39.352,-1.142,4.573
90260,static,176,11128,11534,-91,-24,1,0.01074,0.67920,0.70398,0.1053,6.6607,6.9037,-5.5488,-1.4634,0.0610,-43.970,-22.170,-39.360,-1.139,4.572
90280,static,240,11078,11604,-106,-25,1,0.01465,0.67615,0.70825,0.1437,6.6307,6.9456,-6.4634,-1.5244,0.0610,-43.665,-22.727,-39.348,-1.139,4.573
90300,static,238,11186,11674,-130,-26,2,0.01453,0.68274,0.71252,0.1425,6.6954,6.9875,-7.9268,-1.5854,0.1220,-43.771,-23.303,-39.311,-1.140,4.572
90320,static,368,11118,11640,-164,-27,1,0.02246,0.67859,0.71045,0.2203,6.6547,6.9671,-10.0000,-1.6463,0.0610,-43.672,-23.906,-39.249,-1.137,4.572
90340,static,260,10792,11734,-176,-27,1,0.01587,0.65869,0.71619,0.1556,6.4596,7.0234,-10.7317,-1.6463,0.0610,-42.598,-24.491,-39.148,-1.129,4.570
90360,static,240,10556,11790,-173,-26,-1,0.01465,0.64429,0.71960,0.1437,6.3183,7.0569,-10.5488,-1.5854,-0.0610,-41.833,-25.044,-39.020,-1.126,4.569
90380,static,282,10396,11792,-149,-25,0,0.01721,0.63452,0.71973,0.1688,6.2225,7.0581,-9.0854,-1.5244,0.0000,-41.392,-25.549,-38.891,-1.123,4.566
90400,static,250,10336,11866,-117,-27,1,0.01526,0.63086,0.72424,0.1496,6.1866,7.1024,-7.1341,-1.6463,0.0610,-41.052,-25.999,-38.787,-1.121,4.564
90420,static,246,10176,11838,-80,-25,1,0.01501,0.62109,0.72253,0.1472,6.0908,7.0856,-4.8780,-1.5244,0.0610,-40.676,-26.388,-38.718,-1.119,4.562
90440,static,230,10346,11810,-39,-24,0,0.01404,0.63147,0.72083,0.1377,6.1926,7.0689,-2.3780,-1.4634,0.0000,-41.214,-26.731,-38.692,-1.116,4.559
90460,static,264,10636,11798,-20,-24,2,0.01611,0.64917,0.72009,0.1580,6.3662,7.0617,-1.2195,-1.4634,0.1220,-42.028,-27.061,-38.717,-1.114,4.560
90480,static,252,10914,11822,-29,-25,2,0.01538,0.66614,0.72156,0.1508,6.5326,7.0761,-1.7683,-1.5244,0.1220,-42.707,-27.409,-38.778,-1.112,4.561
90500,static,238,10692,11726,-41,-24,1,0.01453,0.65259,0.71570,0.1425,6.3997,7.0186,-2.5000,-1.4634,0.0610,-42.353,-27.757,-38.834,-1.111,4.562
90520,static,240,10854,11706,-43,-23,0,0.01465,0.66248,0.71448,0.1437,6.4967,7.0066,-2.6220,-1.4024,0.0000,-42.831,-28.110,-38.874,-1.111,4.562
90540,static,222,10826,11730,-51,-24,1,0.01355,0.66077,0.71594,0.1329,6.4799,7.0210,-3.1098,-1.4634,0.0610,-42.700,-28.462,-38.909,-1.112,4.563
90560,static,284,10884,11802,-59,-25,1,0.01733,0.66431,0.72034,0.1700,6.5146,7.0641,-3.5976,-1.5244,0.0610,-42.675,-28.817,-38.935,-1.113,4.564
90580,static,264,10652,11736,-61,-24,-1,0.01611,0.65015,0.71631,0.1580,6.3758,7.0246,-3.7195,-1.4634,-0.0610,-42.221,-29.158,-38.951,-1.109,4.564
90600,static,204,10504,11742,-45,-22,-1,0.01245,0.64111,0.71667,0.1221,6.2872,7.0282,-2.7439,-1.3415,-0.0610,-41.810,-29.465,-38.965,-1.108,4.564
90620,static,344,10592,11812,-23,-23,-1,0.02100,0.64648,0.72095,0.2059,6.3398,7.0701,-1.4024,-1.4024,-0.0610,-41.871,-29.740,-38.991,-1.111,4.565
90640,static,254,10842,11678,-13,-25,-2,0.01550,0.66174,0.71277,0.1520,6.4895,6.9899,-0.7927,-1.5244,-0.1220,-42.867,-30.019,-39.042,-1.112,4.566
90660,static,320,10586,11664,-5,-23,0,0.01953,0.64612,0.71191,0.1915,6.3363,6.9815,-0.3049,-1.4024,0.0000,-42.215,-30.268,-39.112,-1.118,4.564
90680,static,324,11032,11748,5,-23,1,0.01978,0.67334,0.71704,0.1939,6.6032,7.0318,0.3049,-1.4024,0.0610,-43.189,-30.521,-39.190,-1.116,4.565
90700,static,128,11178,11768,-10,-21,2,0.00781,0.68225,0.71826,0.0766,6.6906,7.0437,-0.6098,-1.2805,0.1220,-43.525,-30.793,-39.283,-1.117,4.566
90720,static,322,11058,11676,-30,-22,1,0.01965,0.67493,0.71265,0.1927,6.6188,6.9887,-1.8293,-1.3415,0.0610,-43.432,-31.082,-39.368,-1.114,4.568
90740,static,216,10942,11594,-47,-22,1,0.01318,0.66785,0.70764,0.1293,6.5493,6.9396,-2.8659,-1.3415,0.0610,-43.338,-31.383,-39.427,-1.114,4.570
90760,static,264,11062,11678,-57,-25,1,0.01611,0.67517,0.71277,0.1580,6.6212,6.9899,-3.4756,-1.5244,0.0610,-43.441,-31.692,-39.462,-1.115,4.571
90780,static,286,11014,11624,-72,-26,1,0.01746,0.67224,0.70947,0.1712,6.5924,6.9576,-4.3902,-1.5854,0.0610,-43.448,-32.013,-39.485,-1.113,4.572
90800,static,264,10834,11666,-78,-25,2,0.01611,0.66125,0.71204,0.1580,6.4847,6.9827,-4.7561,-1.5244,0.1220,-42.875,-32.324,-39.489,-1.113,4.572
90820,static,114,10762,11658,-75,-26,1,0.00696,0.65686,0.71155,0.0682,6.4416,6.9779,-4.5732,-1.5854,0.0610,-42.710,-32.621,-39.481,-1.111,4.572
90840,static,304,10874,11664,-70,-25,1,0.01855,0.66370,0.71191,0.1820,6.5086,6.9815,-4.2683,-1.5244,0.0610,-42.983,-32.912,-39.473,-1.112,4.572
90860,static,356,10882,11642,-67,-23,1,0.02173,0.66418,0.71057,0.2131,6.5134,6.9683,-4.0854,-1.4024,0.0610,-43.054,-33.195,-39.474,-1.109,4.572
90880,static,212,10934,11718,-69,-24,0,0.01294,0.66736,0.71521,0.1269,6.5446,7.0138,-4.2073,-1.4634,0.0000,-43.013,-33.474,-39.481,-1.107,4.574
90900,static,220,10938,11666,-71,-25,0,0.01343,0.66760,0.71204,0.1317,6.5469,6.9827,-4.3293,-1.5244,0.0000,-43.150,-33.752,-39.485,-1.108,4.574
90920,static,242,10714,11600,-69,-26,0,0.01477,0.65393,0.70801,0.1448,6.4129,6.9432,-4.2073,-1.5854,0.0000,-42.720,-34.014,-39.487,-1.109,4.573
90940,static,222,10732,11664,-49,-25,0,0.01355,0.65503,0.71191,0.1329,6.4236,6.9815,-2.9878,-1.5244,0.0000,-42.612,-34.244,-39.486,-1.106,4.572
90960,static,304,10906,11736,-37,-24,1,0.01855,0.66565,0.71631,0.1820,6.5278,7.0246,-2.2561,-1.4634,0.0610,-42.891,-34.462,-39.507,-1.105,4.572
90980,static,202,10932,11596,-36,-24,0,0.01233,0.66724,0.70776,0.1209,6.5434,6.9408,-2.1951,-1.4634,0.0000,-43.307,-34.682,-39.546,-1.105,4.573
91000,static,310,11082,11656,-44,-25,1,0.01892,0.67639,0.71143,0.1856,6.6331,6.9767,-2.6829,-1.5244,0.0610,-43.544,-34.911,-39.589,-1.107,4.574
91020,static,138,11058,11588,-60,-25,-1,0.00842,0.67493,0.70728,0.0826,6.6188,6.9360,-3.6585,-1.5244,-0.0610,-43.657,-35.158,-39.624,-1.107,4.574
91040,static,302,11148,11656,-76,-23,1,0.01843,0.68042,0.71143,0.1808,6.6726,6.9767,-4.6341,-1.4024,0.0610,-43.714,-35.420,-39.644,-1.109,4.573
91060,static,274,11174,11672,-95,-25,1,0.01672,0.68201,0.71240,0.1640,6.6882,6.9863,-5.7927,-1.5244,0.0610,-43.743,-35.700,-39.644,-1.109,4.574
91080,static,224,11078,11566,-115,-25,0,0.01367,0.67615,0.70593,0.1341,6.6307,6.9228,-7.0122,-1.5244,0.0000,-43.760,-35.999,-39.623,-1.107,4.575
91100,static,330,10900,11604,-124,-26,1,0.02014,0.66528,0.70825,0.1975,6.5242,6.9456,-7.5610,-1.5854,0.0610,-43.197,-36.291,-39.577,-1.107,4.574
91120,static,294,11020,11676,-129,-27,2,0.01794,0.67261,0.71265,0.1760,6.5960,6.9887,-7.8659,-1.6463,0.1220,-43.335,-36.586,-39.515,-1.104,4.573
91140,static,232,10882,11664,-131,-25,1,0.01416,0.66418,0.71191,0.1389,6.5134,6.9815,-7.9878,-1.5244,0.0610,-43.008,-36.871,-39.446,-1.101,4.573
91160,static,244,10670,11722,-127,-24,0,0.01489,0.65125,0.71545,0.1460,6.3865,7.0162,-7.7439,-1.4634,0.0000,-42.304,-37.131,-39.374,-1.099,4.573
91180,static,248,10600,11768,-112,-24,0,0.01514,0.64697,0.71826,0.1484,6.3446,7.0437,-6.8293,-1.4634,0.0000,-42.005,-37.363,-39.303,-1.099,4.572
91200,static,310,10504,11740,-87,-25,0,0.01892,0.64111,0.71655,0.1856,6.2872,7.0270,-5.3049,-1.5244,0.0000,-41.810,-37.556,-39.246,-1.098,4.572
91220,static,300,10674,11658,-64,-25,1,0.01831,0.65149,0.71155,0.1796,6.3889,6.9779,-3.9024,-1.5244,0.0610,-42.468,-37.730,-39.219,-1.097,4.572
91240,static,300,10700,11744,-47,-24,0,0.01831,0.65308,0.71680,0.1796,6.4045,7.0294,-2.8659,-1.4634,0.0000,-42.327,-37.878,-39.222,-1.097,4.572
91260,static,254,10732,11706,-37,-25,2,0.01550,0.65503,0.71448,0.1520,6.4236,7.0066,-2.2561,-1.5244,0.1220,-42.508,-38.015,-39.247,-1.096,4.572
91280,static,226,10788,11764,-28,-25,1,0.01379,0.65845,0.71802,0.1353,6.4572,7.0413,-1.7073,-1.5244,0.0610,-42.517,-38.139,-39.286,-1.095,4.572
91300,static,306,10994,11710,-27,-23,1,0.01868,0.67102,0.71472,0.1832,6.5805,7.0090,-1.6463,-1.4024,0.0610,-43.184,-38.272,-39.336,-1.095,4.573
91320,static,310,11034,11698,-37,-24,0,0.01892,0.67346,0.71399,0.1856,6.6044,7.0018,-2.2561,-1.4634,0.0000,-43.317,-38.417,-39.394,-1.097,4.574
91340,static,252,10990,11698,-49,-24,-1,0.01538,0.67078,0.71399,0.1508,6.5781,7.0018,-2.9878,-1.4634,-0.0610,-43.206,-38.571,-39.440,-1.098,4.575
91360,static,292,10910,11684,-56,-24,1,0.01782,0.66589,0.71313,0.1748,6.5302,6.9935,-3.4146,-1.4634,0.0610,-43.029,-38.727,-39.472,-1.098,4.575
91380,static,272,10908,11632,-58,-25,2,0.01660,0.66577,0.70996,0.1628,6.5290,6.9623,-3.5366,-1.5244,0.1220,-43.152,-38.885,-39.490,-1.098,4.577
91400,static,254,10966,11636,-66,-23,1,0.01550,0.66931,0.71021,0.1520,6.5637,6.9647,-4.0244,-1.4024,0.0610,-43.295,-39.052,-39.507,-1.097,4.578
91420,static,224,10916,11688,-75,-25,0,0.01367,0.66626,0.71338,0.1341,6.5338,6.9959,-4.5732,-1.5244,0.0000,-43.039,-39.222,-39.514,-1.097,4.579
91440,static,202,10762,11698,-73,-27,1,0.01233,0.65686,0.71399,0.1209,6.4416,7.0018,-4.4512,-1.6463,0.0610,-42.609,-39.377,-39.511,-1.098,4.578
91460,static,258,10726,11634,-63,-24,0,0.01575,0.65466,0.71008,0.1544,6.4201,6.9635,-3.8415,-1.4634,0.0000,-42.668,-39.518,-39.506,-1.099,4.577
91480,static,242,10910,11682,-56,-24,0,0.01477,0.66589,0.71301,0.1448,6.5302,6.9923,-3.4146,-1.4634,0.0000,-43.037,-39.655,-39.512,-1.098,4.577
91500,static,310,11006,11704,-58,-25,1,0.01892,0.67175,0.71436,0.1856,6.5876,7.0054,-3.5366,-1.5244,0.0610,-43.230,-39.796,-39.531,-1.097,4.578
91520,static,256,11000,11684,-68,-25,0,0.01563,0.67139,0.71313,0.1532,6.5841,6.9935,-4.1463,-1.5244,0.0000,-43.266,-39.947,-39.547,-1.095,4.578
91540,static,292,10872,11756,-69,-25,1,0.01782,0.66357,0.71753,0.1748,6.5074,7.0366,-4.2073,-1.5244,0.0610,-42.754,-40.085,-39.555,-1.094,4.577
91560,static,246,10838,11636,-69,-24,0,0.01501,0.66150,0.71021,0.1472,6.4871,6.9647,-4.2073,-1.4634,0.0000,-42.960,-40.225,-39.555,-1.094,4.577
91580,static,256,10916,11566,-71,-24,1,0.01563,0.66626,0.70593,0.1532,6.5338,6.9228,-4.3293,-1.4634,0.0610,-43.337,-40.372,-39.558,-1.093,4.577
91600,static,240,10958,11588,-83,-24,1,0.01465,0.66882,0.70728,0.1437,6.5589,6.9360,-5.0610,-1.4634,0.0610,-43.393,-40.532,-39.561,-1.091,4.577
91620,static,208,10906,11662,-85,-25,1,0.01270,0.66565,0.71179,0.1245,6.5278,6.9803,-5.1829,-1.5244,0.0610,-43.077,-40.684,-39.549,-1.091,4.577
91640,static,278,10956,11728,-85,-26,0,0.01697,0.66870,0.71582,0.1664,6.5577,7.0198,-5.1829,-1.5854,0.0000,-43.043,-40.833,-39.533,-1.091,4.576
91660,static,252,10920,11694,-88,-26,1,0.01538,0.66650,0.71375,0.1508,6.5362,6.9994,-5.3659,-1.5854,0.0610,-43.033,-40.982,-39.516,-1.088,4.575
91680,static,266,10824,11668,-89,-25,-1,0.01624,0.66064,0.71216,0.1592,6.4787,6.9839,-5.4268,-1.5244,-0.0610,-42.844,-41.126,-39.498,-1.084,4.574
91700,static,280,10760,11710,-80,-25,1,0.01709,0.65674,0.71472,0.1676,6.4404,7.0090,-4.8780,-1.5244,0.0610,-42.571,-41.250,-39.476,-1.084,4.573
91720,static,314,10896,11714,-73,-25,1,0.01917,0.66504,0.71497,0.1879,6.5218,7.0114,-4.4512,-1.5244,0.0610,-42.918,-41.371,-39.464,-1.085,4.573
91740,static,294,10794,11708,-74,-26,1,0.01794,0.65881,0.71460,0.1760,6.4608,7.0078,-4.5122,-1.5854,0.0610,-42.665,-41.485,-39.460,-1.084,4.573
91760,static,256,10806,11718,-66,-24,1,0.01563,0.65955,0.71521,0.1532,6.4679,7.0138,-4.0244,-1.4634,0.0610,-42.675,-41.588,-39.458,-1.084,4.572
91780,static,270,10908,11636,-57,-24,0,0.01648,0.66577,0.71021,0.1616,6.5290,6.9647,-3.4756,-1.4634,0.0000,-43.143,-41.687,-39.460,-1.083,4.572
91800,static,232,10874,11676,-54,-23,1,0.01416,0.66370,0.71265,0.1389,6.5086,6.9887,-3.2927,-1.4024,0.0610,-42.957,-41.777,-39.475,-1.082,4.573
91820,static,268,10970,11668,-61,-24,0,0.01636,0.66956,0.71216,0.1604,6.5661,6.9839,-3.7195,-1.4634,0.0000,-43.226,-41.879,-39.495,-1.083,4.574
91840,static,308,10932,11598,-65,-23,0,0.01880,0.66724,0.70789,0.1844,6.5434,6.9420,-3.9634,-1.4024,0.0000,-43.297,-41.985,-39.510,-1.083,4.574
91860,static,174,11104,11584,-73,-25,0,0.01062,0.67773,0.70703,0.1041,6.6463,6.9336,-4.4512,-1.5244,0.0000,-43.785,-42.108,-39.521,-1.083,4.576
91880,static,250,11132,11612,-91,-24,0,0.01526,0.67944,0.70874,0.1496,6.6631,6.9504,-5.5488,-1.4634,0.0000,-43.784,-42.250,-39.525,-1.084,4.576
91900,static,222,10992,11718,-108,-24,0,0.01355,0.67090,0.71521,0.1329,6.5793,7.0138,-6.5854,-1.4634,0.0000,-43.164,-42.398,-39.508,-1.085,4.576
91920,static,218,10832,11732,-115,-24,0,0.01331,0.66113,0.71606,0.1305,6.4835,7.0222,-7.0122,-1.4634,0.0000,-42.711,-42.542,-39.465,-1.085,4.576
91940,static,244,10738,11702,-108,-26,3,0.01489,0.65540,0.71423,0.1460,6.4272,7.0042,-6.5854,-1.5854,0.1829,-42.534,-42.670,-39.410,-1.084,4.577
91960,static,244,10552,11760,-86,-26,2,0.01489,0.64404,0.71777,0.1460,6.3159,7.0390,-5.2439,-1.5854,0.1220,-41.895,-42.758,-39.358,-1.081,4.577
91980,static,174,10700,11718,-61,-24,1,0.01062,0.65308,0.71521,0.1041,6.4045,7.0138,-3.7195,-1.4634,0.0610,-42.397,-42.823,-39.331,-1.082,4.577
92000,s